别名版本	SNAPSHOT @ 2023-12-01 21:12:09																		
True Love Song	真爱歌																		
Color My World																			
Future	未来	星星歌																	
Love You	爱你																		
コネクト																			
In Chaos	阴超市	超市	在超市	阴间超市															
Crush On You	coy	COU																	
Sun Dance	阳舞	太阳舞	日跳舞	日舞															
Sweets×Sweets	小甜甜																		
Love or Lies																			
ネコ日和。	猫日和	猫天气	猫																
虹と太陽	虹太阳	虹与太阳																	
炭★坑★節	炭坑节	光★吉★猛★修																	
NIGHT OF FIRE	夜火	逮虾户																	
come again	再来一遍																		
jelly	中田女士																		
ハッピーシンセサイザ	快乐合成器																		
ルカルカ★ナイトフィーバー	luka	来一发	rukarukanightfever	rukaruka															
源平大戦絵巻テーマソング	源平	源平1	源平大战	原批大战罕见															
美しく燃える森	美燃森	美丽燃烧的森林																	
ウッーウッーウマウマ(ﾟ∀ﾟ)	扭腰歌	caramelldansen																	
Endless World	无尽世界	ew																	
Beat Of Mind	bom	nmb的mai	你妈逼的麦																
檄！帝国華撃団(改)	滑稽团	帝国华击团	帝国滑稽团	屑团	改														
メランコリック	忧郁的心情																		
教えて!! 魔法のLyric	教教																		
ZIGG-ZAGG	拉链																		
ワールズエンド・ダンスホール	末世舞厅	世末舞厅	世界终末舞厅	world's end dancehall															
パンダヒーロー	panda hero	熊猫英雄																	
オレンジの夏	橙色夏天	橙夏																	
BaBan!! －甘い罠－																			
ジングルベル	圣诞歌	鸡公煲	圣诞	吵死了	Jingle Bell														
マトリョシカ	俄罗斯套娃	套娃																	
メグメグ☆ファイアーエンドレスナイト	Meg Meg Fire Endless Night																		
天国と地獄	天国地狱	天国																	
きみのためなら死ねる	为了你而死	为你而死																	
怪盗Rのテーマ	怪盗R的影之诗	怪盗R																	
マリアをはげませ	秃头玛丽亚																		
SHOW TIME																			
City Escape: Act1	索1																		
Rooftop Run: Act1	逃离屋顶	索2	蓝猫																
Reach For The Stars	追星	索3																	
Urban Crusher [Remix]	机器人																		
Catch The Future	抓住未来																		
JACKY [Remix]																			
Tell Your World	TYW	难忘今宵																	
おちゃめ機能	天真烂漫机能	机能	五月病																
ダンシング☆サムライ	茄子先生	跳舞武士	茄子																
BAD∞END∞NIGHT	坏结夜	BEN																	
ロミオとシンデレラ	罗密欧	灰姑娘	罗密欧与辛德瑞拉	罗与灰	罗密欧与灰姑娘	口三才													
Sweetiex2																			
腐れ外道とチョコレゐト	外道	巧克力	腐外道	该死的异端															
Quartet Theme [Reborn]	手枪人	QT	COSIO																
Sky High [Reborn]	天空高																		
Like the Wind [Reborn]	一块钱	重生之风	风が好き	喜欢风															
YA･DA･YO [Reborn]	亚达哟	yadayo	说唱																
Space Harrier Main Theme [Reborn]	太空哈利	太空																	
DADDY MULK -Groove remix-	爸爸奶	爹奶	爸奶																
ぴぴぱぷぅ！	比巴卜																		
炎歌 -ほむらうた-	炎歌	阉割																	
犬日和。	狗日子	狗天气	犬日和	狗日															
ソーラン☆節	索兰节	捕鱼节	六魁首																
デコボコ体操第二	体操第二																		
スイートマジック	甜甜魔法	sweet magic	甜蜜魔法																
ゴーゴー幽霊船	幽灵船	sasasasa																	
千本桜																			
御旗のもとに	御旗																		
FEEL ALIVE	感觉活着	女人赛跑	绝赞转圈																
Link	林克																		
Turn around	转弯																		
We Gonna Party	wgp	咱想开派对	我们去派对	派对															
Night Fly	夜飞	夜晚飞																	
Feel My Fire	感受我的火																		
Streak	绿庙	米奇妙妙屋	拆房子	绿房子	牛排	翠楼屋													
Spin me harder	蓝蝴蝶	电蝴蝶	更用力地抽我	转我硬	大蝴蝶														
Lionheart	狮心	莱因哈特	spaceman																
Acceleration	加速	加速器																	
Sprintrances	冰山																		
Nerverakes	两块钱	地球仪																	
Black Out	黑出																		
Fragrance	香水	斜塔	大厦	弗拉钢丝															
air's gravity	空气重力	大气重力																	
Starlight Disco																			
39																			
地上の戦士	地上的战士																		
超絶！Superlative	超绝																		
采配の刻 Power of order	命令时刻	采配																	
DO RORO DERODERO ON DO RORO	多罗罗	源平2	迪罗迪罗	dororo															
泣き虫O'clock	泣虫	爱哭鬼																	
Natural Flow	自然流	自然流																	
maimaiちゃんのテーマ	PLUS主题曲	maimai酱																	
君の知らない物語																			
I ♥	我爱																		
＊ハロー、プラネット。																			
イアイア★ナイトオブデザイア	欲望之夜																		
ローリンガール	滚女	rolling girl	回转少女																
天ノ弱																			
弱虫モンブラン	弱虫	胆小鬼	错位练习歌	胆小鬼蒙布朗	弱虫蒙布朗	784	甜点												
モザイクロール	马赛克卷	Mosaic Roll																	
脳漿炸裂ガール	脑浆																		
SPiCa																			
セツナトリップ																			
放課後ストライド	放课后冲	放课后																	
カゲロウデイズ	车祸歌	阳炎	车祸曲	阳炎眩乱	白阳炎	阳炎DAZE	阳炎Days												
チルノのパーフェクトさんすう教室	算数教室	琪露诺的完美算数教室	⑨	琪露诺	バカバカ	⑨舞	9舞												
Bad Apple!! feat nomico	坏苹果	烂苹果	坏林檎																
魔理沙は大変なものを盗んでいきました	魔理沙偷走了重要的东西	魔理沙	被刑拘	魔理沙的大便															
Grip & Break down !!																			
Help me, ERINNNNNN!!	erin	救救																	
ナイト・オブ・ナイツ	夜骑	十六夜咲夜	pad	nok	night of knight	night of knights													
全人類ノ非想天則	非想天則	打则死路一条	非想天则	大机器人	则	开高达													
しゅわスパ大作戦☆	修哇	修哇大作战	下药歌	野兽妹															
時空を超えて久しぶり！	puyopuyo	噗哟噗哟	时空																
Her Dream Is To Be A Fantastic Sorceress	女足梦想	噗哟噗哟2	噗哟噗哟																
ココロスキャンのうた	心灵扫描歌	捂裆男	白色小人	捂裆歌															
神室雪月花	雪月花	如龙																	
KONNANじゃないっ！	柯南	困难	女如龙	粉色小裙子	全换	遥													
awake	醒了	起了																	
Mysterious Destiny	贝姐	神秘命运																	
Riders Of The Light	驭光者	猎天使魔女																	
Terminal Storm																			
記憶、記録	记忆记录	恐怖谷																	
セガサターン起動音[H.][Remix]	启动音	世嘉土星启动音	起动音	转圈练习	土星														
夜咄ディセイブ	夜咄	kano角色歌	夜咄deceive																
ウサテイ	兔子快跑	帝帝跑跑跑	兔子																
sweet little sister	甜小姐姐	甜二妹	甜小妹																
Blew Moon	吹月	口区	蓝月亮																
Garakuta Doll Play	GDP	鬼牌	小丑	果丹皮	鸡滴屁	国内生产总值	小丑变魔术	轨道炮	狗弟屁	t+p教你打扑克									
Dreampainter	梦境绘画者																		
ぐるぐるWASH！コインランドリー・ディスコ	洗衣房	suomi	洗衣机	咕噜咕噜wash															
CYCLES	马瓦鲁	马挖路	轮回	马洼路	马瓦路	马哇撸	马洼路	🐴哇路											
Heartbeats	心动																		
Life Feels Good	生活感觉好	好日子	感觉很好	LFG															
MYTHOS	小提琴	神话	味增																
End of Twilight	暮光终结	暮光的尽处	eot																
火炎地獄	火炎地狱	皮炎地狱	77乐园																
ユビキリ	拉勾勾	狗粮	指切																
Pixel Voyage	小飞机	像素																	
Get Happy	爽了	给爽																	
System “Z”	系统z	系统	系统贼																
Beat of getting entangled	boge	胡来的处男	胡辣汤																
Cosmic Train	宇宙列车	宇宙小火车																	
ナミダと流星	眼泪与流星	眼泪流星	流星	流星一笔画															
おても☆Yan	阿铁摸呀	陕北民歌	阿铁摸鸭	山歌															
maiム・maiム feat.週刊少年マガジン	周刊少年	周刊																	
Danza zandA	小号歌	蛋砸砸蛋																	
Backyun! －悪い女－																			
Monochrome Rainbow	单色彩虹	黑白彩虹																	
みんなのマイマイマー	大家的maimai吗	maimai	大家的maimaimer	maimaimer															
円舞曲、君に	圆舞曲	舞曲																	
Live & Learn	SA2																		
Burning Hearts ～炎のANGEL～	BR	烧心	炎天使																
いーあるふぁんくらぶ																			
Nyan Cat EX	彩虹猫	nyanyanyanyan																	
ぽっぴっぽー	蔬菜歌	蔬菜汁																	
LUCIA	露西亚																		
Death Scythe	死镰	死镰1																	
BREAK YOU!!	破坏你	绝赞你																	
JUMPIN' JUMPIN'	跳跳																		
L'épilogue	法文歌	尾声																	
Save This World νMIX	拯救世界	救世	救世啊																
Living Universe	住在宇宙	活宇宙																	
Ignite Infinity																			
トルコ行進曲 - オワタ＼(^o^)／	土耳其进行曲	土耳其	完蛋	OWATA															
裏表ラバーズ	里表	里表情人																	
Outlaw's Lullaby	如龙2	OL	12+如龙																
Brand-new Japanesque	全新日本人	11+如龙																	
レッツゴー!陰陽師	阴阳师	悪靈退散	豪血寺	标准结局	恶灵退散														
炉心融解																			
ダブルラリアット																			
からくりピエロ	活动小丑	小丑	一笔画																
ネトゲ廃人シュプレヒコール	网游废人	网费	网废	网游	废人														
むかしむかしのきょうのぼく																			
magician's operation	魔法师手术	魔术手																	
六兆年と一夜物語																			
みくみくにしてあげる♪【してやんよ】	把你mikumiku掉																		
リリリリ★バーニングナイト	Burning Night	莉莉	lily																
ハロ／ハワユ	Hello how are you	袜套	八口																
Our Fighting	酋长																		
緋色のDance	绯色	脑梗协调	绯色诺当斯																
明星ロケット	明星火箭	明星银河号	明星																
The Great Journey	tgj																		
お嫁にしなさいっ！	结婚了	嫁																	
ロストワンの号哭	号哭	累死人	lostone的号哭																
Sweet Devil	甜蜜恶魔																		
患部で止まってすぐ溶ける～狂気の優曇華院																			
ケロ⑨destiny	⑨	9	青蛙子																
Endless, Sleepless Night	无尽不眠夜																		
POP STAR	平井坚																		
Back 2 Back	b2b	回二回	回两回																
神々の祈り	神祈																		
エピクロスの虹はもう見えない	圣母	红美铃	美铃	美里															
シアワセうさぎ	幸福兔																		
ってゐ！ ～えいえんてゐVer～	因幡帝																		
待チ人ハ来ズ。	待人未至	待人来																	
Cosmic Magic Shooter	宇宙魔术射手	魔术射手	摩托车	摩天轮	法界之火	魔法射手													
深海少女	深海	阴间少女																	
M.S.S.Planet	planet	MSS	中二病																
東方スイーツ！～鬼畜姉妹と受難メイド～	鬼畜姐妹																		
幻想のサテライト																			
最速最高シャッターガール	最速最高	文文																	
バラライカ	亚拉那一卡	空手道	巴拉莱卡琴	巴拉拉一卡															
林檎華憐歌	林檎	大妈唱歌	林檎华怜歌	苹果	拜拜	黄金大便	beatmario的妈妈	拜拜！拜拜！	妈妈歌										
YATTA!	好耶！	亚达	好耶																
Jack-the-Ripper◆	开膛手杰克	杰哥雷普	开膛手	jtr	开膛手杰哥														
Windy Hill -Zone 1	追星上位	索4	小追星																
コトバ・カラフル	Kotoba colorful	575	舞立方	女同															
タカハせ！名人マン	高桥名人	光头16连	高桥	纵连练习	名人														
言ノ葉カルマ	言叶业	言叶之业																	
かせげ！ジャリンコヒーロー	Jarinko Hero																		
キズナの物語	锁链战记	羁绊物语	锁链																
Heart Beats	心跳	pulse																	
アゲアゲアゲイン																			
紅蓮の弓矢																			
鼓動	鼓动	如龙维新	阿疼	猫抓板															
DRAGONLADY	龙女	龙女士	龙玉涛	你舍得打破这片宁静么															
二息歩行	二息步行																		
ファンタジーゾーン OPA-OPA! -GMT remix-	Fantasy zone																		
電車で電車でGO!GO!GO!GC! -GMT remix-	电车	电车GO																	
RIDGE RACER STEPS -GMT remix-	rrs																		
リッジでリッジでGO!GO!GO! -GMT mashup-	电车gogogo	电车	电车go																
オパ! オパ! RACER -GMT mashup-	赛车																		
電車で電車でOPA!OPA!OPA! -GMT mashup-	电车	星星电车	opa电车	电池opa															
Axeria	ax	啊歇了啊	好累啊	诶插	阿克塞利亚														
ピーマンたべたら	青椒	老鼠																	
MIRROR of MAGIC	MoM	镜魔	魔镜																
究極焼肉レストラン！お燐の地獄亭！	究极烧肉	烤肉																	
shake it!	摇它	自行车																	
1/3の純情な感情																			
毒占欲																			
YU-MU	妖梦																		
物凄い勢いでけーねが物凄いうた	物凄	慧音	嘎哦嘎哦	三倍ice cream	三倍icecream														
BETTER CHOICE	更好的选择																		
Oshama Scramble!																			
D✪N’T  ST✪P  R✪CKIN’	机器人跳舞	dont stop rockin	rockin																
ガラテアの螺旋	螺旋	大宇宙	嘟嘟嘟嘟嘟嘟嘟																
oboro	小火球	小火苗	小火花	胧	higedriver														
Dragoon	龙	龙骑士	多拉贡	龙骑兵															
Stand Up!!!!																			
アンハッピーリフレイン	unhappy refrain	不高兴的副歌	散弹枪	unhappy															
One Step Ahead	向前一步走	伊东歌词太郎																	
L9	绿9	轴交互	老九																
planet dancer	星球舞者	爸爸拉粑粑	池面	行星舞者															
Caliburne ～Story of the Legendary sword～	生煎	圣剑	圣剑1	福瑞1	咖喱棒	小圣剑	生煎1												
どうしてこうなった	这怎么发生的	为什么会变成这样呢	跳舞狗	怎会如此															
B.B.K.K.B.K.K.	bk	bbkkbkk	bbkk	Bass kick	汉堡王	↓↓↑↑↓↑↑	3b4k												
おこちゃま戦争	孩子气的战争																		
Link																			
VERTeX	水神	VOLTeX																	
Ignis Danse	火神	伊格尼斯丹斯	跳舞																
Scars of FAUNA	土神																		
FUJIN Rumble	风神	福晋软贝	福建兰博																
きたさいたま2000	中年社畜的怒吼	塞他妈	北埼玉	北埼玉2000	kita	北	全网最帅五兄弟	2000	下北泽2000										
FLOWER	扶老二	花	大十字	公交车	金塔														
Got more raves？	郭沫若	gmr	雷神	E.G.G.	egg	蝴蝶													
不毛！	不毛	牙白	拔毛																
デッドレッドガールズ	死红女																		
赤心性：カマトト荒療治	赤心性	苏祖母	suzumu																
悪戯	恶戏	恶作剧																	
響縁	响缘	响绿																	
LOL -lots of laugh-																			
クローバー♣クラブ																			
妄想税																			
どういうことなの！？																			
初音ミクの消失	消失	初音未来的消失	Master33	这歌好快啊	老婆不见了	初音未来的炸开，我消失了	我底力消失了												
イノコリ先生	先生	留堂老师	男同老师	男同															
キャプテン・ムラサのケツアンカー	船长	村纱																	
若い力 -SEGA HARD GIRLS MIX-	若力	世嘉硬件女孩	社歌																
ウミユリ海底譚	海底捞	海底谭	检验周刊的唯一标准	海百合海底谭	脑梗谭	画质好	海底瘫	百合捞	海底列车	海底泥头车	女人心								
welcome to maimai!! with マイマイマー	欢迎来到maimai	welcome to maimai																	
ストリーミングハート	流心																		
Change Our MIRAI！																			
Aiolos	艾欧洛斯	艾俄洛斯	A打头的风神	奥罗															
LANCE	蓝枪	兰斯	枪	男厕															
SAVIOR OF SONG																			
橙の幻想郷音頭	橙的幻想乡音头	橙舞	橙音头																
東方妖々夢 ～the maximum moving about～	妖妖梦	石碱屋																	
蒼空に舞え、墨染の桜	墨染	墨染樱																	
少女幻葬戦慄曲 ～ Necro Fantasia	死灵幻想曲	少女幻葬	战栗曲																
Contrapasso -paradiso-	齿轮	天堂	ctps	时钟	闹钟	⏰	齿轮地狱	吃润	天堂齿轮										
幸せになれる隠しコマンドがあるらしい	上下左右	幸隐	隐藏指令	性瘾	人生重来枪														
フラグメンツ -T.V. maimai edit-	fragments	发热巫女	活动写真馆	flower of life															
願いを呼ぶ季節	致电愿望的季节	梦想夏乡																	
おじゃま虫																			
Yet Another ”drizzly rain”	帕秋莉																		
四次元跳躍機関	四次元	机关	四次元跳跃机关	跳楼机	二次元跳楼机关														
最終鬼畜妹・一部声	鬼畜妹	一部声	蓝蓝路	吵死了	二小姐														
はじめまして地球人さん																			
Pursuing My True Self																			
Signs Of Love (“Never More” ver.)																			
specialist (“Never More” ver.)																			
Time To Make History (AKIRA YAMAOKA Remix)																			
GEMINI -M-	双子星	戈米尼	双子	鸡米尼															
+♂	加男	嘉然																	
ありふれたせかいせいふく	司空见惯的世界征服	世征																	
すろぉもぉしょん																			
絵の上手かった友達																			
頓珍漢の宴	顿珍汉																		
Garden Of The Dragon	龙花园	万达蓝																	
After Burner	冲破火网	AB																	
Counselor																			
Glorious Crown	皇冠	王冠	FD2	GC															
言ノ葉遊戯	言叶游戏																		
りばーぶ	reverb																		
幾四音-Ixion-	几四音	ixion																	
閃鋼のブリューナク	闪钢																		
無敵We are one!!	无敌we are one	我们是1	我们是无敌1	母铁鸡	无敌我们是1														
7thSense	七感	七拍子	第七感	7感	心把节拍														
FEEL the BEATS	感受节拍	ftb																	
Revive The Rave	rtr	润体乳	舞立方																
スリップフリップ	slipflip	短发妹	短发妹妹	大头妹	slip flip														
Jimang Shot	急忙射																		
儚きもの人間	梦人间	少女炼狱																	
ラブリー☆えんじぇる!!	可爱天使																		
オモイヨシノ	恋咏樱	Omoiyoshino																	
アージェントシンメトリー	argent symmetry	sta	pink op	argent	银对称														
かくしん的☆めたまるふぉ～ぜっ！																			
極上スマイル																			
厨病激発ボーイ																			
HIMITSUスパーク	HIMITSU Spark	白乌鸦	秘密																
Party 4U ”holy nite mix”	p4u	冯悦金曲																	
囲い無き世は一期の月影	月影																		
Lividi	李伟迪	李维迪	呜哇																
Infantoon Fantasy	if	汤海																	
Jumble Rumble	DJ鼠	jb乱爆	DJ猫	几把乱爆	打碟猫	打碟老鼠													
Imitation:Loud Lounge	奇面族	ILL																	
CITRUS MONSTER	橘子怪兽	CM	柑橘怪兽																
Hyper Active	黄卡车	小黄车	卡车	黄卡	追卡车	泥头车	卡玛斯	前四后八											
AMAZING MIGHTYYYY!!!!	AM	我妹妹不可能是男的	精子	阿妈	大棒子	俺妹	96	爽啊！	YYYYY	音游王c									
fake!fake!	假的	fake news！	白乌鸦																
夏祭り	夏祭																		
シュガーソングとビターステップ																			
Daydream café																			
セハガガガンバッちゃう！！	我要去做	世嘉硬件女孩	也八力力力	今天你在哪一层？															
キミノヨゾラ哨戒班	烧鸡班	哨戒班remix	你的夜空哨戒班	哨戒班															
恋愛裁判	恋爱裁判	拼机神曲	出轨裁判	Love Trial															
Just Be Friends																			
ヒビカセ	让其响彻	匕匕力也	比力也	比比力也	匕匕力乜	比利耶！	西比卡贼	比力乜	比卡贼	匕匕力世									
パーフェクト生命	生命	完美生命																	
StargazeR	摘星人																		
だんだん早くなる	渐渐加速	渐渐变快	蛋蛋变快	逐渐加快	蛋蛋歌	逐渐变快	一笔画神曲	蛋蛋加速	蛋蛋加快	变快	蛋蛋	逐渐变快	追星当当						
ヘルシーエンド	maimai你摸	healthy end																	
クノイチでも恋がしたい																			
ココロ																			
東京リアルワールド	东京真实世界	东京	Tokyo Real World	Yeah!															
やめろ！聴くな！	别听																		
ゆっくりしていってね！！！																			
木彫り鯰と右肩ゾンビ	僵尸	木雕鲇鱼	520	右肩僵尸	右肩	木雕	肩周炎	木雕鲶鱼	鲇鱼	鲶鱼									
ECHO	回声	恶臭	挨口	I don't know	idk:-(	电视头	:-)												
Mr. Wonderland	王大狼	梦幻岛	幻想乡先生																
しんでしまうとはなさけない！																			
Hand in Hand	八一卜匕一卜	八一卜	八一卜七一卜																
ブリキノダンス	马口铁之舞																		
brilliant better																			
ハート・ビート																			
Invitation	邀请																		
connecting with you	三泽秋																		
高気圧ねこロック	高气压猫猫头	高气压猫	高气压	高血压	高气压猫猫摇滚														
Prophesy One	预言一	p1																	
洗脳	洗脑	Sennou																	
Barbed Eye	狗谷爱	坏眼																	
Nitrous Fury	nf	营养福瑞	氮气福瑞																
色は匂へど散りぬるを	色散	伊洛瓦	遗落哇																
月に叢雲華に風																			
No Routine	竹取飞翔																		
ひれ伏せ愚民どもっ！	愚民																		
エテルニタス・ルドロジー	东方鼓动	Eternitas Ludology																	
泡沫、哀のまほろば	泡沫	泡沫哀	泡馍																
華鳥風月	华鸟风月	世界名曲	风月金曲	四季大人															
METATRON	死镰2	梅塔特隆	钟楼	麦塔冲	五边形														
終わりなき物語	无尽物语	物语																	
フォルテシモBELL	Fortissimo BELL	天王洲																	
私の中の幻想的世界観及びその顕現を想起させたある現実での出来事に関する一考察	名字太长的歌	考察	好长	一考察	世界观考察	莎啦啦啦	名字好长	名字很长的歌	名字最长										
DETARAME ROCK&ROLL THEORY	detarame	星星歌	drrt																
ファッとして桃源郷																			
ゴーストルール																			
チュルリラ・チュルリラ・ダッダッダ！	啾噜哩啦	哒哒哒	跳音	跳拍	秋露里拉	撒～撒～李狗蛋	李狗蛋												
GOODMEN	好男人	好人	良民	好汉歌	良麵	你													
夜明けまであと３秒	夜明	夜明3秒	夜明三秒	失明前三秒	夜明前三秒														
Last Brave ～ Go to zero	变成0	走向0																	
STAIRWAY TO GENERATION																			
空威張りビヘイビア	空威张																		
回レ！雪月花																			
いっしそう電☆舞舞神拳！	舞舞神拳	114514	偷袭	maimai神拳	游啊游啊游														
ENJOY POLIS	JOYPOLIS	世嘉都市乐园																	
生きてるおばけは生きている	活着的鬼还活着	活着的怪物会一直活着	obake																
天火明命	天火	天火没命																	
HERA	赫拉	狗刨歌	纵连歌	1号键	黑辣														
分からない	哇卡拉奶	我不知道	吾伐晓得	wakaranai	我嗯晓	哇嘎啦乃	俺不造啊	分力5	下位hera	母鸡	不知道	我不到啊							
Our Wrenally	OW	魔法阿嬷	魔法夏祭	守望先锋	夏祭2	儿歌	里夏祭	白夏祭	夏祭	哀れなり	あわれ	夏季BYD	隆逼	火夏祭	瓜子绝活				
Scream out! -maimai SONIC WASHER Edit-																			
四月の雨	四月的shi	四月雨	四月的雨	四月的粪	伞	三点饮茶	四月的💩	阴间歌	阴间的雨	四月的暴风雨	四月的😅	💩	四月的屎	四月的答辩					
Selector	假红谱	绿色女人	绿女人	绿色的魔法少女	绿魔法少女	蹭星游戏													
ドキドキDREAM!!!	Dokidoki DREAM	ddd																	
ポップミュージックは僕のもの	镜子歌	男同	李女士跳舞	男同歌	镜子														
吉原ラメント	吉原哀歌	吉原	吉原拉面头	拉面头	妓院	吉原怨妇													
ねぇ、壊れタ人形ハ何処へ棄テらレるノ？	坏人偶	坏人形	呐	极元哀歌	坏人型														
幽闇に目醒めしは	幽暗	幽目	幽暗目醒																
Starlight Vision	星光																		
Club Ibuki in Break All	绝赞俱乐部	西瓜跳舞	绝赞	西瓜															
Phantasm Brigade	孔明陷阱	12紫妈																	
永遠のメロディ	永远的melody																		
白ゆき	白雪	拿不拿																	
Panopticon	监狱	光明会	环形监狱	圆形监狱	吴亦凡														
Sakura Fubuki	樱吹雪	樱吹屎	skrfbk																
conflict																			
すーぱーぬこになりたい	变超猫	nuko	mafu	超级猫															
踊れオーケストラ	舞蹈乐团	康宽	Dance Orchestra																
きらっせ☆ウッド村ファーム	妖精村	木村	农场																
taboo tears you up																			
その群青が愛しかったようだった	群青	拿不拿																	
The wheel to the right	印度人	电锯	电锯人	右轮	阿三	右转轮													
前前前世																			
SAKURAスキップ																			
リンカーネイション	轮回转生	Reincarnation																	
宿題が終わらないっ！	宿题	作业																	
GO BACK 2 YOUR RAVE	gb2	回去你的2rave	滚回你的波	潮汕金曲	🉐🉐🉐🉐	鸡巴凸	雷神	gb2yr	g2r										
天国と地獄 -言ノ葉リンネ-	天国地狱																		
夢花火	梦花火	乙姬角色歌	吗哇塞																
Paradisus-Paradoxum																			
オトヒメモリー☆ウタゲーション	乙姫	Otohimemory	Utagation																
ラブチーノ	Labcino	猫铃	猫猫铃	loveccino															
東京レトロ																			
ARROW	箭	箭头	自八大																
バッド・ダンス・ホール	坏舞厅	bdh	bad dance hall	不要停下来															
KISS CANDY FLAVOR	小红帽	亲亲砍弟佐料																	
Maxi	马克西	马西	马戏	麦克西	sabi														
相思創愛	相思创爱																		
心象蜃気楼	心象晨气楼	心象	心跳气象楼	心象蜃气楼	哨戒班ll														
光線チューニング	光线tuning	光线	光线枪	中二	光线中二														
Limit Break	LB	限制绝赞																	
曖昧mind	爱maimai	暧昧mind	哮喘																
KING is BACK!!	王者归来	kib	国王是后退	金十段	退勤	王是背	无氧运动	有氧运动	来一首king is back	king is back	king四百								
Ultranova	A4纸	摩托车	超新星																
GET!! 夢&DREAM	取得梦和梦	学园handsome	锥子脸																
日本の米は世界一	日本米	日本米世界一	日本的大米天下第一	世界一															
ないせんのうた																			
Starlight Dance Floor	星光舞厅	星光舞池																	
妖精村の月誕祭 ～Lunate Elf	妖精村	月诞																	
Calamity Fortune																			
Justified	正义																		
Excalibur ～Revived resolution～	生煎2	圣剑2	ex咖喱棒	福瑞2	大圣剑														
ホシトハナ																			
名探偵連続殺人事件	名侦探	名侦探连续杀人事件	柯南	柯南连续杀人事件															
エイリアンエイリアン	外星人	alien	alien alien																
My Dearest Song	大提琴	生日歌	我爱歌	我最爱的歌	mds														
猛進ソリストライフ！	猛进																		
Let's Go Away	底特律	daytona																	
Now Loading!!!!																			
真・ハンサム体操でズンドコホイ	帅哥体操	真体操	体操																
フラジール	fragile	易碎品	丁亍氵一儿	易碎	弗拉记录														
オーディエンスを沸かす程度の能力 feat.タイツォン	沸腾程度	沸腾能力	沸程度	东方月灯笼															
人里に下ったアタイがいつの間にか社畜になっていた件	社畜	NO NO working	人里下																
ギリギリ最強あいまいみー！																			
CALL HEAVEN!!																			
Sunshine world tour																			
ちがう!!!																			
Moon of Noon	印度高僧	月儿子	越南																
チルノのパーフェクトさんすう教室　⑨周年バージョン																			
デスパレイト	desperate																		
ようこそジャパリパークへ																			
あ・え・い・う・え・お・あお!!	aeiueo																		
ドーナツホール	甜甜圈洞	甜甜圈	绿人																
MilK	牛奶	12+牛奶	毛力毛力牛奶																
咲キ誇レ常世ノ華	常世华	常世之华																	
Magical Flavor	魔法味道	MF	milk op	waifu	魔法风味														
白い雪のプリンセスは	白如雪的公主啊																		
好き！雪！本気マジック																			
スターナイトスノウ	star night snow																		
This game	游戏人生	虎纹鲨鱼	鱼，好大的鱼，虎纹鲨鱼																
Los! Los! Los!																			
Candy Tall Woman	糖果高女士	高血糖女人	糖高女	砍弟搞女人															
Signature	签名卡	脏安卓																	
人生リセットボタン	人生重置	人生reset button	remake	人生重启键	人生重置按钮	人生重启按钮													
しねばいいのに	死了一了百了																		
もうみんなしねばいいのに	大家死了好	骂脏话	帕露西	帕露帕露															
共感覚おばけ	共感觉	共感怪兽	麻鸡卡油																
麒麟	麒麟	青蛙叫																	
Credits	信用	制作人	11+	学分	阴间歌														
ダンスロボットダンス																			
アルカリレットウセイ	碱性劣等生	莉莉卡	愛岛	阿渡															
ドクハク	独白	棺材	枪叔																
キレキャリオン	carry on	乃保	奶包	切下吧carry on															
猫祭り	猫祭	nyannyannyannyan	🐱🐔	喵喵喵	猫寄	hso													
TRUST	足控	小仏凪																	
Still	仍然																		
ガヴリールドロップキック	珈百璃的飞踢																		
fantastic dreamer	konosuba	为美好的世界献上祝福																	
天狗の落とし文 feat. ｙｔｒ	天狗	犹太人	ytr	天狗落文															
疾走あんさんぶる	疾走	幽灵乐团																	
Doll Judgment	人形裁判	DJ	娃娃审判	人偶裁判	爱丽丝威震天	夹击妹抖													
WARNING×WARNING×WARNING																			
SPILL OVER COLORS	Tsukasa错位																		
Mare Maris	船歌	帆船	开船	小破船	船	妈妈船	破船	海底瘫二段	海盗船	好船									
シャルル																			
フリィダム ロリィタ	自由洛丽塔	lolita	自由小萝莉	免费小萝莉															
バレリーコ	芭蕾舞者	芭蕾																	
アウターサイエンス	界外科学																		
REVIVER オルタンシア・サーガ -蒼の騎士団- オリジナルVer.	苍之骑士团	苍骑																	
拝啓ドッペルゲンガー	拜启	敬启我的分身	炸厕所																
ミラクル・ショッピング	购物	奇迹购物	唐吉诃德																
Kinda Way	KW																		
ラブって♡ジュエリー♪えんじぇる☆ブレイク！！	Love is Jewelry Engel  Break	绝赞天使																	
ヤバい○○																			
エンドマークに希望と涙を添えて	希望泪	在结尾处添上希望与泪水	筋肉女神	希望鱼雷	希望与泪														
ナンセンス文学	无意义文学	拍手文学	文学																
Bang Babang Bang!!!	邦邦邦	邦邦邦邦	邦邦																
Tic Tac DREAMIN’	tic tac																		
SPICY SWINGY STYLE	SSS																		
砂の惑星 feat. HATSUNE MIKU	沙星	沙之行星	砂之惑星	砂星	砂纸火星														
アンノウン・マザーグース	妈妈鹅	鹅妈妈	UMG																
POP TEAM EPIC																			
にめんせい☆ウラオモテライフ！																			
うまるん体操	小埋体操																		
妄想感傷代償連盟	ftafn	联盟	妄想感伤代偿联盟	dscf	妄感代联	mkdr	阿姨压一压	代偿联盟	妄想										
LOVE EAST	爱东	爱东方	转转																
Fist Bump	索尼克力量																		
ENERGY SYNERGY MATRIX																			
Session High⤴	⤴️	⬆️	↗️	session high	high起来了！														
World Vanquisher	WV	世界征服者	世征	威猛先生	我的万蝰蛇	三岁小孩都能ap的	FTR6	饮茶先啦	没有那种世征的欲望	三点饮茶									
FestivaLight	节日光	milked	my waifu																
Brain Power	脑力	O-oooooooooo																	
進め！イッスン軍団 -Rebellion of the Dwarfs-	前进军团	小人国	小小兵团	矮人军团	一寸军团														
ULTRA B+K	bk2	b+k	超级汉堡王	ubk															
インビジブル	Invisible	透明人	隐形人																
彗星ハネムーン	彗星蜜月	彗星	彗星八礻么一冫																
アンチクロックワイズ																			
全力☆Summer!	笨女孩																		
keep hopping	跳个不停	kamome sano	沙野																
larva	拉瓦	幼虫	咖喱咖喱																
えれくとりっく・えんじぇぅ	Electric Angel	电子天使																	
ミラクルペイント	Miracle paint	魔法笔刷																	
Ievan Polkka	甩葱歌																		
初音ミクの激唱	激唱	麦霸	机场	初音未来的机场															
ガチャガチャきゅ～と・ふぃぎゅ@メイト																			
true my heart -Lovable mix-	黄油	童话																	
Rodeo Machine	广播	绿皮星星歌	马	绿马	绿手														
Arrival of Tears																			
CYBER Sparks	cs	魔理沙爆炸	魔光炮	反恐精英	电火花														
Xevel	黑白双gay	x	xlevel	tatsh	清水大爷														
INFINITE WORLD	文文	射命丸文																	
サドマミホリック	灵梦撒币	撒钱灵梦	大狸子																
Ragnarok	诸神的黄昏	诸神黄昏	圣战	rag															
このふざけた素晴らしき世界は、僕の為にある																			
このピアノでお前を8759632145回ぶん殴る	钢琴	8759632145	砸钢琴	钢琴殴															
はやくそれになりたい！	音街	石油王																	
フィクサー	fixer	修人																	
みんなの	兽道																		
アマノジャクリバース feat. ｙｔｒ	天邪鬼反转	天邪鬼	过马路	ytr	灵梦过马路														
進捗どうですか？	进步	进度	健身	进展															
Help me, あーりん！	教我，永琳！	erin！erin！																	
なるとなぎのパーフェクトロックンロール教室	琪露诺的完美算数教室	⑨	琪露诺	彩绿9	完美算术教室														
あねぺったん	Anepettan	贫乳																	
We Gonna Journey	我们要旅行	wgj																	
FREEDOM DiVE (tpz Overcute Remix)	FD	自由落体	FDFD	自由下落	昨日に奏でる明日の歌(overcute remix）	雷亚金曲（）	自由坠毁	自由摔死											
SILENT BLUE	静蓝	SB	水晶冲天钻	烧饼															
甲賀忍法帖	甲贺忍法帖																		
ジンギスカン	成吉思汗	羊肉																	
にじよめちゃん体操第一億	体操	体操一亿	拼机必点	氪金曲	体操第一亿														
花と、雪と、ドラムンベース。	花一轮	花雪	等一个好姐妹出勤	日本ktv	电音老阿妈	阿拉一起你	FAR一轮	花花花花花一轮	21.5Kcal	21.5大卡	花一輪								
Conquista Ciela																			
怒槌	怒锤	怒捶	光吉猛修	我的脾气	被锤	做披萨	必胜客	ikazuchi											
Seyana. ～何でも言うことを聞いてくれるアカネチャン～	seyana	说的事呢	小茜	せやな															
おねがいダーリン	拜托了darling	darling																	
My First Phone	小灵通	电话	手机	打电话	小电话	没发票													
SHINY DAYS	摇曳露营																		
NOISY LOVE POWER☆																			
ネ！コ！	neko	野良与皇女与流浪猫之心	你																
only my railgun	电磁炮																		
ロールプレイングゲーム	rpg	role playing game																	
ヒバナ	火花	七八十																	
ロキ	口丰	roki	口≠	ruaki	口干	口串	口土												
Money Money	骂你骂你	钱钱	🤑🤑🤑🤑	神乐mea															
極圏	极圈	极圈儿	SDVX																
Scarlet Lance	红枪	绯红之枪	斯卡雷特之枪	狗叼叉子	粪叉	狗狗咬红枪													
セイクリッド　ルイン	太鼓达人	圣墟	圣灭	肾虚	蓝月亮														
QZKago Requiem	茄子卡狗	茄子	qzk	qz	黑猫打白猫	gdp2	毒牛奶	噎死那个羊	巧克力大战香子兰	牛奶打架	别踩我的jio	クジカゴ（kujikago	クズカゴ	假奶	猫打架	期中考	垃圾箱	白茄子	毒奶
EVERGREEN	常绿	一直绿	青春永驻	长春															
金の聖夜霜雪に朽ちて	金色的圣诞夜复活霜雪																		
不思議の国のクリスマス	不思议	不可思议	反海底谭	不思议国	东方圣诞	小海底谭													
Schwarzschild	四川火娃	四川白娃	四川火娃弱智齿轮队	火娃	白娃	黑盾	史瓦西												
Magical Sound Shower																			
片想いサンバ	片想																		
ナイトメア☆パーティーナイト	Nightmare Party Night																		
フキゲンワルツ																			
結ンデ開イテ羅刹ト骸	连起来又分开，罗刹与骨骸	罗刹	结骸	罗刹与骸	分分合合的罗刹与骸	罗刹骸	结罗刹	结开罗刹骸											
サウンド																			
右肩の蝶	右肩之蝶																		
Alea jacta est!	黑人打架	击剑	白人打架	孤注一掷	🤺	白人划船	黑人击剑												
L4TS:2018 (feat. あひる & KTA)	白毛	2018																	
クレイジークレイジーダンサーズ	ccd	疯狂疯狂跳舞	疯狂舞者																
【東方ニコカラ】秘神マターラ feat.魂音泉【IOSYS】	建前	秘神																	
隠然	隐然																		
White Traveling Girl	白色旅行少女	白旅女	白色旅人	伊蕾娜	白游女														
FFT	傅立叶快速变换	肥肥头	快速傅里叶变换	狒狒头	付费通	发发图	疯疯兔	粪粪掏	扶扶她	扶芳藤	反复掏	法法踢	傅里叶						
-OutsideR:RequieM-	泡面	箱部吃泡面																	
イロトリドリのメロディ	彩绿之歌	Irotoridori no melody																	
奏者はただ背中と提琴で語るのみ	奏者																		
Deep in Abyss	来自深渊																		
雷切-RAIKIRI-	雷切																		
キミとボクのミライ	你和我的未来																		
Lost Princess	pcr																		
アリサのテーマ																			
敗北の少年	败北少年	败北的少年																	
立ち入り禁止	立入禁止	禁止	啊疼	痛い	地铁														
お気に召すまま	如你所愿	皆大欢喜																	
命ばっかり	全是命	命没	只为生命	命															
the EmpErroR	皇帝	您	国王	土皇帝															
PANDORA PARADOXXX	潘多拉	潘	儿歌	您	白潘	你	パンパラ	金曲	潘你马	大家	你游最简单的歌	潘多拉悖论							
Believe the Rainbow	相信彩虹	告别曲	彩虹	FULL COMBO 50%	ED	TRACK 5/4													
Good Bye, Mr. Jack	再见杰哥	再见杰克	杰哥																
Altale	机器人钓鱼	阿泰尔	机器人	小机器人															
最終鬼畜妹フランドール・S	蓝蓝路	鬼畜妹	最终鬼畜妹																
ネクロファンタジア～Arr.Demetori	少女幻葬	八云蓝																	
Imperishable Night 2006 (2016 Refine)	2006	2016	2026	2036	2077	永夜的报应													
終点	终点																		
WORLD'S END UMBRELLA	世末伞	世末																	
ワンダーラスト																			
End Time	恩德太	嗯了么	et	贤者时间															
カラフル×メロディ																			
魔法少女になるしかねぇ	魔法少女																		
Kattobi KEIKYU Rider	卡透批来打	丁丁电车	列车	京急	京急电车	电车萝莉	叮叮电车	电车妹	开火车	叮叮车									
B.M.S.	bms	光吉	光吉猛修之父	吃披萨	披萨														
TiamaT:F minor	提亚马特	音响龙	剃阿妈头发	五颜六色	绝赞交互														
前前前世	你的名字	君名																	
Technicians High																			
Destr0yer																			
サンバランド																			
Halcyon																			
VIIIbit Explorer																			
コネクト	小圆op	联系	connect	虚渊玄	小圆脸	小圆	魔法少女小圆												
ジングルベル																			
千本桜	千本樱																		
Starlight Disco	星光迪斯科																		
39	三玖	蹭	参上	放烟花															
君の知らない物語	你不知道的故事	君知	君知物语	物语	物语														
天ノ弱	天之弱	天弱	天邪鬼	你星星绿了															
モザイクロール																			
脳漿炸裂ガール	脑浆	脑浆炸裂女孩	脑浆炸裂	脑炸	脑浆子														
セツナトリップ	刹那旅行	sp29	刹那之旅	刹那旅程															
Grip & Break down !!	gbd	铁拳																	
火炎地獄																			
いーあるふぁんくらぶ	王力宏	12fan	我爱你	嗨嗨China	12粉丝俱乐部	嗨嗨拆那													
六兆年と一夜物語	六兆年	希腊奶	🇬🇷🥛	安慕希	六兆年一夜物语	六兆年零一夜的故事													
患部で止まってすぐ溶ける～狂気の優曇華院	患部	优云华院	撒尿撒尿	优昙华院	马应龙	患部止	谁要谁要												
ケロ⑨destiny																			
深海少女																			
M.S.S.Planet																			
幻想のサテライト	幻想卫星	卫星	幻想																
Oshama Scramble!	牛奶	哦杀妈	牛奶猫	热辣大飞机	偶杀妈 实诚人阿妈爆了	假奶害猫	强身健体	奶	牛奶歌	欧杀妈									
響縁																			
Change Our MIRAI！	改变未来	com																	
かくしん的☆めたまるふぉ～ぜっ！	小埋op	有木有wifi																	
シュガーソングとビターステップ																			
Daydream café	点兔	白日梦咖啡厅																	
月に叢雲華に風	月丛云	月风	月从云华从风	幻想万华镜OP2	月丛云华风														
ゴーストルール	幽灵法则	Ghost rule	狗斯特露露																
回レ！雪月花	旋转吧！雪月花	机巧少女不会受伤	雪月花																
Scream out! -maimai SONIC WASHER Edit-	赞不绝口	美国紫妈	风神录EX	阿姨															
conflict	公交车	冲突	bus	对立	康福利克特														
taboo tears you up	三倍icecream																		
Paradisus-Paradoxum																			
Maxi																			
Calamity Fortune	cf	卡拉米提佛纯	穿越火线	常发	东风谷早苗														
チルノのパーフェクトさんすう教室　⑨周年バージョン	9周年教室	笨蛋教室	九周年	baka	圈儿9	⑨	⑨舞	9舞											
ようこそジャパリパークへ																			
ダンスロボットダンス	跳舞机器人	drd	奶油糖金曲	机器人跳舞	dance	dance robot dance													
WARNING×WARNING×WARNING	注意注意注意	条纹过膝袜	星条旗	美国妖精	warning*3	克劳恩皮丝	小丑	非常的野蛮，非常的谔谔	⚠⚠⚠										
シャルル	夏露露	三力儿儿	氵节儿儿	三节儿儿	查尔斯	沙露露													
POP TEAM EPIC																			
ENERGY SYNERGY MATRIX	ESM	傻吊猫	沙雕猫	跑	神经猫	からめる	e m s	💨											
BLACK ROSE	黑玫瑰																		
Secret Sleuth	ss	秘密侦探																	
でらっくmaimai♪てんてこまい!	滴蜡熊	dx主题曲	迪拉熊	熊代主题曲	手忙脚乱	手萌脚乱													
MAXRAGE	绝赞交互	极怒	良怒2	满怒	怒气冲天	狂怒	贼生气	气炸了	怒砸洗衣机										
バーチャルダム　ネーション	赛车	细江赛车	VN																
P-qoq	灯射来红	拉面火箭	Q宝	火箭	红来射灯	孔雀													
超常マイマイン	超常maimai	超常	滴蜡熊转圈	咕噜咕噜															
Crazy Circle	疯圈	黑喂狗																	
STEREOSCAPE	164	stereotype																	
STARTLINER	音击																		
♡マイマイマイラブ♡	my my my love	sega游戏宇宙一	からめる																
一か罰	一力罚	一刀罚	一加罚	一罚															
キリキリ舞Mine	girigiri舞	girigirimaimai																	
福宿音屋魂音泉	魂音泉	男同温泉	福州男友玉谷泉	基佬泉	土嗨泉														
Now or Never	现在或从不	non	机不可失																
Scarlet Wings	猩红之翼	小星星2	REDALiCE	红翅膀子	红翼														
Technicians High	科技高	高科技	高级技工	高技术员															
魔ジョ狩リ	魔女狩猎	魔狩	魔女																
TwisteD! XD	xd	dxd	灯小灯																
Blows Up Everything	吹爆	吹	瞎几把吹	吹爆一切	拆爆	社保	blows	blows up everything	USAO										
Agitation！	鼓动																		
管弦楽組曲 第3番 ニ長調「第2曲（G線上のアリア）」BWV.1068-2	管弦乐	g弦	管弦乐组曲	g弦上	双踩	G弦上的咏叹调													
TEmPTaTiON	小萝莉	诱惑	小萝莉的诱惑	引诱	temp	摊破忒神	悄悄话	疼破忒肾											
アポカリプスに反逆の焔を焚べろ	反逆	反逆焰	向天启敬上反叛的火焰	反逆焰焚	天启	反焰													
玩具狂奏曲 -終焉-	玩具	玩具狂揍我																	
Titania	泰坦尼亚	踢他娘	体坛	缇坦妮娅	泰坦	🐻👧✌	蓝毛小萝莉	蓝色小浣熊	天天尼亚	塞泰坦尼亚									
BOKUTO	波裤头																		
立川浄穢捕物帳	立川	立川净秽捕物帐	青岛侦探事务所	单手拍															
CHOCOLATE BOMB!!!!	巧克力炸弹																		
METEOR	流星																		
LOSER	八爷	樱子	我	我不	你	猴子	大家都	他											
U.S.A.	usa	美国	阿美莉卡	阿妹你看	come on baby														
HOT LIMIT	热限	摇可乐																	
新宝島	新宝岛	恐龙妈妈	丁宁	林檎电脑	提笔忘字	五大流氓	仙人指路	提笔忘字	光翼展开	战术踉跄	龙卷风偷袭停车场	一睹芳容	物业敲门						
UNION																			
乗ってけ！ジャパリビート																			
フレ！フレ！ベストフレンズ																			
メルト	melt	啦啦啦啦啦啦啦	X儿卜	梅鲁特	咩露拖														
メルティランドナイトメア	melty land nightmare	小粉	春卷饭																
アウトサイダー	outsider	局外人																	
アディショナルメモリー	额外记忆	dx阳炎																	
ジャガーノート	juggernaut	不可抗力																	
ナイト・オブ・ナイツ (Cranky Remix)	喜羊羊	dx夜骑	cranky夜骑	夜骑remix	夜骑2														
Bad Apple!! feat.nomico (REDALiCE Remix)	坏苹果remix	烂苹果remix	bad apple二段曲	坏苹果															
Strobe♡Girl																			
Destr0yer	d0	削除光线	毁灭者	方块头	削除x2	削除射线	方脑壳	destroyer											
グリーンライツ・セレナーデ	绿光小夜曲	小夜曲	绿光	拆机															
POPPY PAPPY DAY																			
Clattanoia																			
The Gong of Knockout																			
デンパラダイム	电波	带带带																	
骸骨楽団とリリア	莉莉亚	骸骨乐团	骸骨	骸骨乐团															
星屑ユートピア	星屑乌托邦	星屑																	
アマツキツネ	天狐	起飞																	
徒花ネクロマンシー	徒花招魂术																		
目覚めRETURNER	佐贺	佐贺偶像是传奇																	
Little "Sister" Bitch	婊子	小婊子	碧池	小婊妹	小婊砸	小姐婊													
Yakumo >>JOINT STRUGGLE (2019 Update)	八云紫	八云	yakumo	八云一家															
げきオコスティックファイナリアリティぷんぷんマスタースパーク	Geki Okostic Finality Plump Master Spark	生气了																	
CocktaiL	鸡尾酒																		
太陽系デスコ	太阳系disco	太阳系	拍手	呱唧呱唧															
だからパンを焼いたんだ	烧面包	面包	烤面包																
東奔西走行進曲	东奔西走行进曲	东奔西走																	
Soul-ride ON!																			
アカリがやってきたぞっ	光在这里	gyari	akari来了哦																
プナイプナイせんそう	噗奶噗奶	punai	噗奶	立秋															
未完成人																			
デビル☆アイドル	恶魔偶像																		
quiet room	静屋	qr	自习室																
Jump!! Jump!! Jump!!	跳跳跳																		
サンバランド	桑巴	体操	科目三	仰卧起坐	俯卧撑														
サヨナラチェーンソー	再见电锯	电锯																	
イカサマライフゲイム	作弊生存游戏	老千																	
Halcyon	翡翠鸡	翡翠鸟	平静	二路公交车															
だれかの心臓になれたなら	心脏	若是能成为谁的心脏	心脏p	如果能成为谁的心脏的话															
幾望の月	几望之月																		
39みゅーじっく！	39music	39音乐																	
STEEL TRANSONIC	st																		
Flashkick	闪击																		
Stardust Memories	星尘往事																		
My My My	我我我																		
UniTas	吉他双神	油腻他死	吉他神																
ここからはじまるプロローグ。	从这开始	哒哒哒	福瑞	小心售人控	序章	兽人控金曲													
絡めトリック利己ライザー	利己	纠结把戏自私的造反者																	
モ°ルモ°ル	毛儿毛儿	毛儿	毛二毛二	摸噜摸噜	morumoru														
ブレインジャックシンドローム	brainjack syndrome																		
共鳴	共鸣																		
Ututu																			
シエルブルーマルシェ	Ciel Blue Marche																		
GRÄNDIR	grandir																		
封焔の135秒	135	小国奏音	封校135年	封焰	封校														
渦状銀河のシンフォニエッタ	涡状银河	抽水马桶	涡状马桶	马桶															
ヤミツキ	痴迷																		
ワードワードワード	touch海底谭	touch潭																	
Valsqotch	金熊	黄金滴蜡熊	极巨化黄金迪拉熊	黄金大逼脸															
最強 the サマータイム!!!!!	最强summertime	最强	summertime																
UTAKATA	泡沫																		
タテマエと本心の大乱闘	本心大乱斗	大乱斗																	
はちみつアドベンチャー	honey adventure	蜂蜜冒险																	
popcorn	爆米花																		
ハム太郎とっとこうた	哈姆太郎	沙雕太郎																	
青空のラプソディ	青空狂想曲	龙女仆																	
だから僕は音楽を辞めた	所以我放弃了音乐	放弃音乐																	
ラブ・ドラマティック feat. 伊原六花	辉夜	辉夜大小姐	辣妹迷死他																
異世界かるてっと	异世界																		
いつかいい感じにアレしよう																			
I'm with you																			
オトモダチフィルム																			
ビターチョコデコレーション	苦巧克力装饰	苦巧克力																	
アンドロイドガール	Android girl	安卓女孩	仿生少女	机器人少女	安卓少女	安卓													
スターリースカイ☆パレード	星空游行																		
スロウダウナー	海底潭青春版	海底潭lite																	
クレイジー・ビート	疯狂节拍	crazy beats	crazy beat	切里败															
バイオレンストリガー	暴力扳机																		
グラーヴェ	hello	grave																	
KILLER B	杀b	杀手b																	
すーぱーぬこになれんかった	变猫	变不了猫																	
アスヘノBRAVE																			
深海シティアンダーグラウンド	深海cityunderground	深海地下城	深海																
表裏一体	表里一体																		
Catch the Wave	抓波浪																		
ソリッド	solid	大贫民	大穷鬼	穷逼															
全力ハッピーライフ	全力happylife	森罗万象																	
Oath Act																			
Witches night																			
Drive Your Fire																			
wheel	一笔画																		
Black Lair	黑巢																		
energy trixxx	能量叉叉	美有姬																	
NULCTRL	核控																		
アトロポスと最果の探究者	探究者	白毛																	
六厘歌																			
Entrance	入口																		
Lunar Mare	月海																		
Saika	彩华																		
CHAOS	超市	我们不认识																	
Maboroshi	幻																		
ウマイネームイズうまみちゃん	umy story	美味棒																	
馬と鹿	马和鹿	笨和蛋	马鹿	傻之逼	傻与逼	八与嘎	傻和逼	群主	马与鹿	你									
ぼくたちいつでも　しゅわっしゅわ！	修哇修哇	我们永远修哇修哇	we always shuwa-shuwa																
Boys O’Clock																			
居並ぶ穀物と溜息まじりの運送屋	木雕2	老头拉车	运送屋	溜息															
ARAIS																			
マイオドレ！舞舞タイム	hololive	樱巫女	时乃空	起舞吧！舞舞time															
Aetheric Energy																			
Komplexe																			
Beautiful Future	美丽未来																		
Mutation																			
オリフィス																			
ユメヒバナ	梦火花																		
REAL VOICE																			
パラボラ	白毛体育生																		
Regulus																			
ワンダーシャッフェンの法則	法则																		
BIRTH	出生																		
シアトリカル・ケース	Theatrical case																		
ステップアンドライム	step and lime																		
届かない花束																			
YURUSHITE	犹如屎																		
ポケットからぬりつぶせ！																			
トリドリ⇒モリモリ！Lovely fruits☆																			
Desperado Waltz	华尔兹																		
宛城、炎上！！	炎上	烟上																	
Climax	妖艳魔男	魔男	高潮																
レーイレーイ																			
ノーポイッ!	nopoi	点兔																	
町かどタンジェント	街角切线	街角魔族																	
紅蓮華	红莲华	猪油骨																	
MIRACLE RUSH																			
お願いマッスル	拜托了肌肉	流汗吧！健身少女																	
Virtual to LIVE	彩虹社	2434	v2l	vtl															
命に嫌われている	被生命所厌恶	命嫌																	
アンクローズ・ヒューマン	unclosed human	永不落幕的人																	
乙女解剖	解剖																		
絶え間なく藍色	无尽的蓝色	蓝色																	
ガランド	Airhead																		
とりあえずアナタがいなくなるまえに	总之在你消逝之前	mota																	
明星ギャラクティカ	明星银河号	明星																	
絶対にチョコミントを食べるアオイチャン	必须要吃巧克力薄荷味冰淇淋的琴叶葵酱	琴叶葵	GYARI	Chocomint	薄荷巧克力冰淇淋														
デリヘル呼んだら君が来た	我叫了应召女郎然后你就来了																		
ベノム	Venom	毒液	猛毒																
マネマネサイコトロピック	ManeMane的精神回归	manemane																	
劣等上等																			
アスノヨゾラ哨戒班	明日的夜空哨戒班	哨戒班	烧鸡班																
悪戯センセーション	恶戏																		
Paranoia	偏执狂																		
絡繰りドール	络缲	Karakuri Doll																	
物凄いヴァイブスで魔理沙が物凄いラップ	物凄																		
Sweet Requiem	甜蜜安魂曲																		
Dive into The Sky ～initialized～																			
BATTLE NO.1	打架第一名	战地一	第一战	缝合怪	掰头南波万	拳皇	小 心 兔 头	掰头囊波万	一战	白头南波湾	掰头南波湾								
Ether Strike	es	以太打击	白内障																
Cyaegha	绿魔王																		
Grievous Lady	病女	对立拉窗帘																	
c.s.q.n.	csqn																		
カラッポ・ノンフィクション	Karappo Nonfiction																		
emomomo	emoji	emo	🤔																
Arty Party																			
Jörqer	jorqer																		
Sqlupp (Camellia's "Sqleipd*Hiytex" Remix)																			
felys -final remix-																			
Pretender																			
自傷無色	自伤无色																		
Prismatic																			
≠彡"/了→	キミツアー	乱码熊	kop2020	蓝熊	你爹来了														
BREaK! BREaK! BREaK!	BBB	绝赞三连	崩坏三	爆爆爆															
Heavenly Blast	皇冠2																		
Paradisoda	魂音泉	修哇修哇																	
VANTABLACK RAVER	黑乙姬																		
時計の国のジェミニ	时计	时计之国	时钟之国	时钟之国的双子座	时钟														
Xenovcipher	泽拉斯																		
星めぐり、果ての君へ。																			
スローアライズ	slow arise																		
チエルカ／エソテリカ																			
生命不詳	生命不详																		
Never Give Up!																			
Starry Colors																			
ほしぞらスペクタクル	星空																		
VIIIbit Explorer	8bit																		
Last Samurai	六月的雨	六月的屎	六月的答辩																
蒼穹舞楽	苍穹舞乐																		
AMABIE	阿妈别																		
オーケー？　オーライ！																			
サヨナラフリーウェイ																			
単一指向性オーバーブルーム	单一指向性																		
みなえをチェック！	注目																		
ハジマリノピアノ																			
BOUNCE & DANCE																			
Kiss Me Kiss																			
MEGATON BLAST																			
Splash Dance!!																			
インフェルノ	inferno	地狱	炎炎消防队																
冬のこもりうた																			
God knows...	团长	凉宫春日	平野绫																
おジャ魔女カーニバル!!	光吉	光吉小魔女	小魔女嘉年华																
秒針を噛む	咬合秒针	zutomayo	咬住秒针																
タケモトピアノCMソング	广告歌	钢琴广告																	
乙女のルートはひとつじゃない！																			
ビックカメラのテーマソング																			
電話革命ナイセン	电话革命																		
Shiny Smily Story	hololive	sss																	
ネガティブ進化論	消极进化论	进化论																	
雨とペトラ	雨与佩特拉																		
永遠にゲームで対戦したいキリタン	永远																		
KING																			
幽霊東京	幽灵东京																		
Alice in 冷凍庫	Alice in 冷冻库	冷冻库	冰箱																
キラメキ居残り大戦争	大战争																		
ディカディズム	décadism	decadism																	
猫猫的宇宙論	猫猫的宇宙论																		
ラットが死んだnew words																			
阿吽のビーツ	契合的节奏	阿吽的节奏	阿哞																
再会																			
約束	约束	约定																	
トラフィック・ジャム	traffic jam	堵车																	
アルティメットセンパイ	究级前辈	Ultimate Senpai																	
ロストワードクロニカル	lostword chronical	东方lw																	
今、誰が為のかがり火へ	为谁而成的篝火																		
Melody！																			
下克上々	下克上																		
ハウリング	howling	yellow																	
トランスダンスアナーキー	疯狂的背景舞者																		
Re：End of a Dream	re end																		
もぺもぺ	mopemope	儿童邪典	小花																
Sound Chimera	奇美拉																		
CO5M1C R4ILR0AD	cosmic railroad																		
MAKE IT FUNKY NOW																			
Rush-More	rush more	rushmore																	
Strange Bar																			
Big Daddy	大爹	usao罚站																	
ベースラインやってる？笑	bassline	耶耶																	
ALiVE																			
ヒミツCULT	秘密CULT																		
MEGATON KICK																			
LOSE CONTROL	失控																		
宿星審判	宿星审判																		
脳天直撃	脑天直击	脑瘫直击	脑天																
とびだせ！TO THE COSMIC!!	宇宙猫	牛奶3																	
噛み係																			
トリアージ																			
NAGAREBOSHI☆ROCKET																			
U&iVERSE -銀河鸞翔-	银河鸾翔																		
華の集落、秋のお届け																			
BLACK SWAN	黑天鹅																		
星詠みとデスペラード	星咏																		
Round Round Spinning Around																			
Alcyone																			
Raven Emperor	瑞文皇帝																		
Yorugao																			
ヨミビトシラズ																			
前衛的Landscape	前卫的landscape																		
Trick tear	tt																		
躯樹の墓守	躯树墓守	躯树	墓守																
ぱくぱく☆がーる	江江	我饿了	おなかすいた	江江报菜名															
No Limit RED Force																			
LiftOff																			
Falsum Atlantis.																			
We Are Us																			
Limits																			
スピカの天秤	天秤	天平																	
ハードコア・シンドローム	hardcore																		
夜に駆ける	向夜晚奔去	yoasobi	夜驱	在夜里奔跑															
うっせぇわ	烦死了																		
Shooting Stars																			
MOON NIGHTのせいにして																			
テレキャスタービーボーイ	Telecaster B-boy	电吉他说唱男孩																	
僕は空気が嫁ない	我不会察言观色	空气																	
デッドマンズバラッド																			
イヤホンロマンス																			
竹	小心立秋																		
スーパーシンメトリー	super symmetry	超对称																	
Southern Cross	南十字																		
Upshift	上升																		
MOBILYS																			
ドラゴンエネルギー																			
セカイはまだ始まってすらいない	“世界”还没开始	世界还没开始																	
Sweets Time																			
紅星ミゼラブル～廃憶編																			
幻想に咲いた花	弹幕神乐op																		
マツヨイナイトバグ																			
ポッピンキャンディ☆フィーバー！	Poppin' Candy☆Fever!																		
どぅーまいべすと！	do my best																		
春を告げる	宣告春天																		
泥の分際で私だけの大切を奪おうだなんて	泥分	tuyu	就凭土泥竟然也想夺走专属我的宝物																
VOLTAGE																			
失敗作少女	失败作少女																		
悪魔の踊り方	恶魔的舞蹈方式																		
ノイローゼ	neurosis																		
Seize The Day																			
グッバイ宣言	再见宣言	goodbye宣言																	
春嵐	春日风暴	春岚																	
ラグトレイン	lagtrain	lag train	延误列车																
なだめスかし Negotiation（TVsize）																			
インドア系ならトラックメイカー	室内系的trackmaker	室内系	yunomi																
アカツキアライヴァル	拂晓抵达																		
リモコン	遥控器	remote																	
on the rocks																			
響け！CHIREI MY WAY!																			
神々が恋した幻想郷	众神眷恋的幻想乡	东十字																	
Lia=Fail	圣剑3	生煎3																	
アンビバレンス	矛盾心理	ambivalence																	
veil																			
廻廻奇譚	回回奇谭																		
さんさーら！																			
アイドル新鋭隊	新锐队	偶像新锐队																	
needLe	针																		
ヒステリックナイトガール																			
GIGANTØMAKHIA	gigantomakhia	老头环																	
ミルキースター・シューティングスター																			
ｉｓｏｐｈｏｔｅ	isophote																		
パラマウント☆ショータイム！！																			
Strive against fate	对抗命运																		
sølips	solips	一百块	两百块	s$100lips															
パーフェクション	perfection																		
デーモンベット																			
HECATONCHEIR																			
Irresistible																			
HAGAKIRI																			
N3V3R G3T OV3R	never get over																		
Swift Swing																			
星空パーティーチューン	party tune	星空派对曲调																	
チューリングの跡	turing																		
Sage																			
OTOGEMA	十周年																		
WiPE OUT MEMORIES																			
Metamorphosism																			
白花の天使	白花的天使																		
World's end loneliness	世终孤独																		
Jouez Avec Moi?																			
テリトリーバトル	territory battle	领土战争																	
Good bye, Merry-Go-Round.	旋转木马																		
ツクヨミステップ	月读	阅读step																	
folern	佛冷																		
コスモポップファンクラブ	Cosmo Pop Funclub	宇宙流行乐粉丝俱乐部																	
撩乱乙女†無双劇																			
See The Light																			
エータ・ベータ・イータ	etabetaeta	hera2																	
愛のシュプリーム！	爱的supreme	爱的至高无上	龙女仆2																
くらべられっ子	被比较的孩子																		
あの世行きのバスに乗ってさらば。	坐上前往彼世的巴士永别了	巴士	世行																
うまぴょい伝説	赛马娘	赛马娘传说	马娘	优骏少女															
ヴァンパイア	vampire	吸血鬼																	
エンヴィーベイビー	envybaby	envy baby																	
初音天地開闢神話	初音天地开辟神话	盘古	初音毁天灭地神话																
Armageddon	阿空																		
Dreadnought	手电筒	无畏舰																	
enchanted love	青蛙王子	青蛙歌																	
Caterpillar Song	毛毛虫																		
Photon Melodies																			
吾輩よ猫であれ	吾辈猫																		
　	无名歌	如月车站																	
BLUE ZONE																			
Estahv	白戒																		
First Dance	一舞																		
Mjölnir	mjolnir	雷神之锤																	
Define	定义																		
BANG!																			
Love's Theme of BADASS ～バッド・アス 愛のテーマ～																			
オントロジー	ontology																		
剣を抜け！GCCX MAX	剑拔																		
Princess♂	男公主																		
ヒトガタ	人型																		
Spring of Dreams																			
大輪の魂 (feat. AO, 司芭扶)	大轮之魂																		
紅に染まる恋の花	染红的恋之花																		
三妖精SAY YA!!!																			
Reach For The Stars (Re-Colors)	新追星																		
ジャンキーナイトタウンオーケストラ	Junky Night Town Orchestra	瘾者之夜城镇乐队																	
終焉逃避行	终焉逃避行																		
8-EM	8EM	atm																	
若い力	社歌	若力	sega																
遺伝子レベル∞スパイラル	遗传子																		
otorii INNOVATED -[i]3-	电熊	雷熊	大鸟居																
エゴロック	ego rock	自我摇滚																	
ただ選択があった	只是在不断选择																		
パズルリボン	puzzleribbon	puzzle ribbon																	
YONA YONA DANCE																			
Transcend Lights	音击的雨	超越光																	
ホシシズク	hoshishizuku	星雫																	
Rainbow Rush Story																			
Tricolor⁂circuS																			
[X]	infinity	推特																	
分解収束テイル	分解收束																		
mystique as iris																			
Rising on the horizon																			
You Mean the World to Me																			
Neon Kingdom																			
#狂った民族２ PRAVARGYAZOOQA																			
VSpook!																			
RIFFRAIN																			
Falling																			
ピリオドサイン																			
群青シグナル																			
Beat Opera op.1																			
星見草	星见草	星爷见了都说草																	
411Ψ892																			
康莊大道	康庄大道																		
蜘蛛の糸	蜘蛛丝																		
Don't Fight The Music	别打音乐																		
Catch Me If You Can																			
MAGNETAR GIRL																			
SUPER AMBULANCE	超级救护车																		
Ghost Dance																			
電光石火	电光石火																		
Hainuwele																			
アノーイング！さんさんウィーク！																			
アニマル	animal																		
ジレンマ	dilemma																		
踊																			
残響散歌	残响散歌																		
フォニイ	phony																		
ヴィラン	villan																		
EYE																			
スカーレット警察のゲットーパトロール24時	斯卡蕾特警察巡逻贫民区24小时	斯卡蕾特警察																	
田中																			
Random																			
Luminaria																			
群青讃歌	群青赞歌																		
セカイ	世界	sekai																	
ワーワーワールド	哇哇世界																		
銀のめぐり																			
Destiny Runner																			
アマカミサマ																			
モンダイナイトリッパー！																			
マーシャル・マキシマイザー	Marshall Maximizer																		
秋の未確認生物	秋日的不明生物	未确认生物																	
Dive into the ZONe																			
エナドリおいしいソング	能量饮料																		
Baddest																			
ばかみたい【Taxi Driver Edition】	像笨蛋一样	damedane																	
れっつ！みらくる☆はーどこあっ！	老婆核																		
Blank Paper (Prod. TEMPLIME)																			
In my world (Prod. KOTONOHOUSE)																			
アイム・マイヒーロー																			
NightTheater	夜剧场																		
キュートなカノジョ	可爱女友																		
へべれけジャンキー	酩酊大醉的瘾君子																		
きゅうくらりん	Kyu-kurarin	kyukurarin																	
回る空うさぎ	月兔回旋于空中																		
Lost Desire	失欲																		
Aegleseeker	光追	追光者																	
最強STRONGER	最强stronger																		
ボッカデラベリタ	真理之口																		
『んっあっあっ。』	嗯啊啊																		
独りんぼエンヴィー	孑然妒火	孜然妒火	羡妒的独角戏																
ロータスイーター	lotus eater																		
ViRTUS	水神2																		
Alice's Suitcase	爱丽丝的手提箱	爱丽丝的行李箱																	
ピュグマリオンの咒文																			
トノサマビーム																			
enchanted wanderer																			
Comet Panto Men!																			
ツムギボシ	纺星																		
VeRForTe αRtE:VEiN																			
ヱデン																			
にゃーにゃー冒険譚	冒险谭																		
Trrricksters!!																			
FLUFFY FLASH																			
ヒバリ	云雀	姬雏鸟	himehina																
Hello, Hologram																			
不機嫌なスリーカード																			
神っぽいな	像神一样啊																		
魔法少女とチョコレゐト																			
阿修羅ちゃん	小阿修罗	阿修罗酱																	
おとせサンダー																			
ロウワー	lower																		
キャットラビング	cat loving																		
リスペク風神	风神	respect风神																	
Let you DIVE!																			
Knight Rider																			
INTERNET OVERDOSE																			
魂のルフラン	魂之轮回																		
Shooting Shower～DANCE TIME(シンディ)～																			
Lights of Muse																			
tape/stop/night																			
Final Step!																			
The 90's Decision																			
僕の和風本当上手	和风																		
Cthugha	克图格亚	火球																	
BULK UP (GAME EXCLUSIVE EDIT)																			