å«åçæ¬	SNAPSHOT @ 2022-01-10 22:22:45																		
True Love Song	çç±æ­																		
Color My World																			
Future	æªæ¥	æææ­																	
Love You	ç±ä½ 																		
ã³ãã¯ã																			
In Chaos	é´è¶å¸	è¶å¸	å¨è¶å¸	é´é´è¶å¸															
Crush On You	coy	COU																	
Sun Dance	é³è	å¤ªé³è	æ¥è·³è	æ¥è															
SweetsÃSweets	sweets	å°çç	200%																
Love or Lies																			
ãã³æ¥åã	ç«æ¥å	ç«å¤©æ°	ç«																
è¹ã¨å¤ªé½	è¹å¤ªé³	è¹ä¸å¤ªé³																	
ç­âåâç¯	ç­åè	åâåâçâä¿®																	
NIGHT OF FIRE	å¤ç«	é®è¾æ·																	
come again	åæ¥ä¸é																		
jelly	ä¸­ç°å¥³å£«																		
ã«ã«ã«ã«âãã¤ããã£ã¼ãã¼	luka	æ¥ä¸å	rukarukanightfever																
æºå¹³å¤§æ¦çµµå·»ãã¼ãã½ã³ã°	æºå¹³	æºå¹³1	æºå¹³å¤§æ																
ç¾ããçããæ£®	ç¾çæ£®	ç¾ä¸½çç§çæ£®æ																	
ã¦ãã¼ã¦ãã¼ã¦ãã¦ã(ï¾âï¾)	æ­è°æ­	caramelldansen																	
Endless World	æ å°½ä¸ç	ew																	
Beat Of Mind	bom	nmbçmai	ä½ å¦é¼çéº¦																
æªï¼å¸å½è¯æå£(æ¹)	æ»ç¨½å¢	å¸å½åå»å¢	å¸å½æ»ç¨½å¢	å±å¢	æ¹														
ã¡ã©ã³ã³ãªãã¯	å¿§éçå¿æ																		
æãã¦!! é­æ³ã®Lyric	ææ																		
ZIGG-ZAGG	æé¾																		
ã¯ã¼ã«ãºã¨ã³ãã»ãã³ã¹ãã¼ã«	æ«ä¸èå	ä¸æ«èå	ä¸çç»æ«èå	world's end dancehall															
ãã³ããã¼ã­ã¼	panda hero	çç«è±é																	
ãªã¬ã³ã¸ã®å¤	æ©è²å¤å¤©	æ©å¤	orangestar																
BaBan!! ï¼çãç½ ï¼																			
ã¸ã³ã°ã«ãã«	å£è¯æ­	é¸¡å¬ç²	å£è¯	åµæ­»äº	Jingle Bell														
ãããªã§ã·ã«	ä¿ç½æ¯å¥å¨	å¥å¨																	
ã¡ã°ã¡ã°âãã¡ã¤ã¢ã¼ã¨ã³ãã¬ã¹ãã¤ã	Meg Meg Fire Endless Night																		
å¤©å½ã¨å°ç	å¤©å½å°ç±	å¤©å½																	
ãã¿ã®ãããªãæ­»ã­ã	ä¸ºäºä½ èæ­»	ä¸ºä½ èæ­»																	
æªçRã®ãã¼ã	æªçRçå½±ä¹è¯	æªçR																	
ããªã¢ãã¯ãã¾ã	ç§å¤´çä¸½äº																		
SHOW TIME																			
City Escape: Act1	ç´¢1																		
Rooftop Run: Act1	éç¦»å±é¡¶	ç´¢2	èç«																
Reach For The Stars	è¿½æ	ç´¢3																	
Urban Crusher [Remix]	æºå¨äºº																		
Catch The Future	æä½æªæ¥																		
JACKY [Remix]	jacky																		
Tell Your World	TYW	é¾å¿ä»å®µ																	
ãã¡ããæ©è½	å¤©ççæ¼«æºè½	æºè½	äºæç																
ãã³ã·ã³ã°âãµã ã©ã¤	èå­åç	è·³èæ­¦å£«	èå­																
BADâENDâNIGHT	åç»å¤	BEN																	
ã­ããªã¨ã·ã³ãã¬ã©	ç½å¯æ¬§	ç°å§å¨	ç½å¯æ¬§ä¸è¾å¾·çæ	ç½ä¸ç°	ç½å¯æ¬§ä¸ç°å§å¨	å£ä¸æ													
Sweetiex2																			
èãå¤éã¨ãã§ã³ã¬ãã	å¤é	å·§åå	èå¤é	è¯¥æ­»çå¼ç«¯															
Quartet Theme [Reborn]	ææªäºº	QT	COSIO																
Sky High [Reborn]	å¤©ç©ºé«																		
Like the Wind [Reborn]	ä¸åé±	éçä¹é£																	
YAï½¥DAï½¥YO [Reborn]	äºè¾¾å	yadayo	è¯´å±																
Space Harrier Main Theme [Reborn]	å¤ªç©ºåå©	å¤ªç©º																	
DADDY MULK -Groove remix-	ç¸ç¸å¥¶	ç¹å¥¶	ç¸å¥¶																
ã´ã´ã±ã·ãï¼	æ¯å·´å																		
çæ­ -ã»ãããã-	çæ­	éå²																	
ç¬æ¥åã	çæ¥å­	çå¤©æ°	ç¬æ¥å	çæ¥															
ã½ã¼ã©ã³âç¯	ç´¢å°è	æé±¼è	å­é­é¦																
ãã³ãã³ä½æç¬¬äº	ä½æç¬¬äº																		
ã¹ã¤ã¼ããã¸ãã¯	ççé­æ³	sweet magic	çèé­æ³																
ã´ã¼ã´ã¼å¹½éè¹	å¹½çµè¹	sasasasa																	
å¾¡æã®ãã¨ã«	å¾¡æ																		
FEEL ALIVE	æè§æ´»ç	å¥³äººèµè·	ç»èµè½¬å																
Link	æå																		
Turn around	è½¬å¼¯																		
We Gonna Party	wgp	å±æ³å¼æ´¾å¯¹	æä»¬å»æ´¾å¯¹	æ´¾å¯¹															
Night Fly	å¤é£	å¤æé£																	
Feel My Fire	æåæçç«																		
Streak	ç»¿åº	ç±³å¥å¦å¦å±	ææ¿å­	ç»¿æ¿å­	çæ														
Spin me harder	èè´è¶	çµè´è¶	æ´ç¨åå°æ½æ	è½¬æç¡¬	å¤§è´è¶														
Lionheart	ç®å¿	è±å åç¹	spaceman																
Acceleration	å é	å éå¨																	
Sprintrances	å°å±±																		
Nerverakes	ä¸¤åé±	å°çä»ª																	
Black Out	é»åº																		
Fragrance	é¦æ°´	æå¡	å¤§å¦	å¼æé¢ä¸															
air's gravity	ç©ºæ°éå	å¤§æ°éå																	
Starlight Disco	æåè¿ªæ¯ç§																		
39																			
å°ä¸ã®æ¦å£«	å°ä¸çæå£«																		
è¶çµ¶ï¼Superlative	è¶ç»																		
ééã®å» Power of order	å½ä»¤æ¶å»	éé																	
DO RORO DERODERO ON DO RORO	å¤ç½ç½	æºå¹³2	è¿ªç½è¿ªç½	do roro															
æ³£ãè«O'clock	æ³£è«	ç±å­é¬¼																	
Natural Flow	èªç¶æµ	èªç¶æµ																	
maimaiã¡ããã®ãã¼ã	PLUSä¸»é¢æ²	maimaié±																	
åã®ç¥ããªãç©èª																			
I â¥	æç±																		
ã¤ã¢ã¤ã¢âãã¤ããªããã¶ã¤ã¢	æ¬²æä¹å¤																		
ã­ã¼ãªã³ã¬ã¼ã«	æ»å¥³	rolling girl	åè½¬å°å¥³																
å¤©ãå¼±	å¤©ä¹å¼±	å¤©å¼±	å¤©éªé¬¼	ä½ ææç»¿äº															
å¼±è«ã¢ã³ãã©ã³	å¼±è«	èå°é¬¼	éä½ç»ä¹ æ­	èå°é¬¼èå¸æ	å¼±è«èå¸æ	784	çç¹												
ã¢ã¶ã¤ã¯ã­ã¼ã«	é©¬èµåå·	Mosaic Roll																	
è³æ¼¿ç¸è£ã¬ã¼ã«																			
ã»ããããªãã	å¹é£æè¡	sp29	å¹é£ä¹æ	å¹é£æç¨															
æ¾èª²å¾ã¹ãã©ã¤ã	æ¾è¯¾åå²	æ¾è¯¾å																	
ã«ã²ã­ã¦ãã¤ãº	è½¦ç¥¸æ­	é³ç	è½¦ç¥¸æ²	é³çç©ä¹±	ç½é³ç	é³çDAZE													
ãã«ãã®ãã¼ãã§ã¯ãããããæå®¤	ç®æ°æå®¤	çªé²è¯ºçå®ç¾ç®æ°æå®¤	â¨	çªé²è¯º	ãã«ãã«	â¨è	9è												
Bad Apple!! feat nomico	åè¹æ	çè¹æ	åææª																
é­çæ²ã¯å¤§å¤ãªãã®ãçãã§ããã¾ãã	é­çæ²å·èµ°äºéè¦çä¸è¥¿	é­çæ²	è¢«åæ	é­çæ²çå¤§ä¾¿															
Grip & Break down !!	gbd	éæ³																	
Help me, ERINNNNNN!!	erin	ææ																	
ãã¤ãã»ãªãã»ãã¤ã	å¤éª	åå­å¤å²å¤	pad	nok	night of knight	night of knights													
å¨äººé¡ãéæ³å¤©å	éæ³å¤©å	æåæ­»è·¯ä¸æ¡	éæ³å¤©å	å¤§æºå¨äºº	å	å¼é«è¾¾													
ãããã¹ãå¤§ä½æ¦â	ä¿®å	ä¿®åå¤§ä½æ	ä¸è¯æ­	éå½å¦¹															
æç©ºãè¶ãã¦ä¹ãã¶ãï¼	puyopuyo	åååå	æ¶ç©º																
Her Dream Is To Be A Fantastic Sorceress	å¥³è¶³æ¢¦æ³	åååå2	åååå																
ã³ã³ã­ã¹ã­ã£ã³ã®ãã	å¿çµæ«ææ­	æè£ç·	ç½è²å°äºº	æè£æ­															
ç¥å®¤éªæè±	éªæè±	å¦é¾																	
KONNANãããªãã£ï¼	æ¯å	å°é¾	å¥³å¦é¾	ç²è²å°è£å­	å¨æ¢	é¥													
awake	éäº	èµ·äº																	
Mysterious Destiny	è´å§	ç¥ç§å½è¿																	
Riders Of The Light	é©­åè	çå¤©ä½¿é­å¥³																	
Terminal Storm																			
è¨æ¶ãè¨é²	è®°å¿è®°å½	ææè°·																	
ã»ã¬ãµã¿ã¼ã³èµ·åé³[H.][Remix]	å¯å¨é³	ä¸ååæå¯å¨é³	èµ·å¨é³	è½¬åç»ä¹ 	åæ														
å¤åãã£ã»ã¤ã	å¤å	kanoè§è²æ­	å¤ådeceive																
ã¦ãµãã¤	åå­å¿«è·	å¸å¸è·è·è·	åå­																
sweet little sister	çå°å§å§	çäºå¦¹	çå°å¦¹																
Blew Moon	å¹æ	å£åº	èæäº®																
Garakuta Doll Play	GDP	é¬¼ç	å°ä¸	æä¸¹ç®	é¸¡æ»´å±	å½åçäº§æ»å¼	å°ä¸åé­æ¯	è½¨éç®	çå¼å±	GDP	t+pæä½ ææå								
Dreampainter	æ¢¦å¢ç»ç»è																		
ããããWASHï¼ã³ã¤ã³ã©ã³ããªã¼ã»ãã£ã¹ã³	æ´è¡£æ¿	suomi	æ´è¡£æº	ååååwash															
CYCLES	é©¬ç¦é²	é©¬æè·¯	è½®å	é©¬æ´¼è·¯	é©¬ç¦è·¯	é©¬åæ¸	é©¬æ´¼è·¯	ð´åè·¯											
Heartbeats	å¿å¨																		
Life Feels Good	çæ´»æè§å¥½	å¥½æ¥å­	æè§å¾å¥½	LFG															
MYTHOS	å°æç´	ç¥è¯	å³å¢																
End of Twilight	æ®åç»ç»	æ®åçå°½å¤	eot																
ç«çå°ç	ç«çå°ç±	ç®çå°ç±	77ä¹å­																
ã¦ãã­ãª	æå¾å¾	çç²®	æå																
Pixel Voyage	å°é£æº																		
Get Happy	ç½äº	ç»ç½																	
System âZâ	ç³»ç»z	ç³»ç»	ç³»ç»è´¼																
Beat of getting entangled	boge	è¡æ¥çå¤ç·	è¡è¾£æ±¤																
Cosmic Train	å®å®åè½¦	å®å®å°ç«è½¦																	
ãããã¨æµæ	ç¼æ³ªä¸æµæ	ç¼æ³ªæµæ	æµæ	æµæä¸ç¬ç»															
ãã¦ãâYan	é¿éæ¸å	éåæ°æ­	é¿éæ¸é¸­	å±±æ­															
maiã ã»maiã  feat.é±åå°å¹´ãã¬ã¸ã³	å¨åå°å¹´	å¨å																	
Danza zandA	å°å·æ­	èç ¸ç ¸è																	
Backyun! ï¼æªãå¥³ï¼																			
Monochrome Rainbow	åè²å½©è¹	é»ç½å½©è¹																	
ã¿ããªã®ãã¤ãã¤ãã¼	å¤§å®¶çmaimaiå	maimai	å¤§å®¶çmaimaimer	maimaimer															
åèæ²ãåã«	åèæ²	èæ²																	
Live & Learn	SA2																		
Burning Hearts ï½çã®ANGELï½	BR	ç§å¿	çå¤©ä½¿																
ãã¼ãããµããããã¶																			
Nyan Cat EX	å½©è¹ç«	nyanyanyanyan																	
ã½ã£ã´ã£ã½ã¼	è¬èæ­	è¬èæ±																	
LUCIA	é²è¥¿äº																		
Death Scythe	æ­»é°	æ­»é°1																	
BREAK YOU!!	ç ´åä½ 	ç»èµä½ 																	
JUMPIN' JUMPIN'	è·³è·³																		
L'Ã©pilogue	æ³ææ­	å°¾å£°																	
Save This World Î½MIX	æ¯æä¸ç	æä¸	æä¸å																
Living Universe	ä½å¨å®å®	æ´»å®å®																	
Ignite Infinity																			
ãã«ã³è¡é²æ² - ãªã¯ã¿ï¼¼(^o^)ï¼	åè³å¶è¿è¡æ²	åè³å¶	å®è	OWATA															
è£è¡¨ã©ãã¼ãº	éè¡¨	éè¡¨æäºº																	
Outlaw's Lullaby	å¦é¾2	OL	12+å¦é¾																
Brand-new Japanesque	å¨æ°æ¥æ¬äºº	11+å¦é¾																	
ã¬ããã´ã¼!é°é½å¸«	é´é³å¸	æªééæ£	è±ªè¡å¯º	æ åç»å±	æ¶çµéæ£														
ãããããã¨ã­	æ´»å¨å°ä¸	å°ä¸	ä¸ç¬ç»																
ããã²å»äººã·ã¥ãã¬ãã³ã¼ã«	ç½æ¸¸åºäºº	ç½è´¹	ç½åº	ç½æ¸¸	åºäºº														
magician's operation	é­æ³å¸ææ¯	é­æ¯æ																	
å­åå¹´ã¨ä¸å¤ç©èª																			
ã¿ãã¿ãã«ãã¦ãããâªããã¦ãããã	æä½ mikumikuæ																		
ãªãªãªãªâãã¼ãã³ã°ãã¤ã	Burning Night	èè	lily																
ãã­ï¼ãã¯ã¦	Hello how are you	è¢å¥	å«å£																
Our Fighting	éé¿																		
ç·è²ã®Dance	ç»¯è²	èæ¢åè°	ç»¯è²è¯ºå½æ¯																
ææã­ã±ãã	ææç«ç®­	ææé¶æ²³å·	ææ																
The Great Journey																			
ãå«ã«ããªããã£ï¼	ç»å©äº	å«																	
ã­ã¹ãã¯ã³ã®å·å­	å·å­	ç´¯æ­»äºº	lostoneçå·å­																
æ£é¨ã§æ­¢ã¾ã£ã¦ããæº¶ããï½çæ°ã®åªæè¯é¢																			
ã±ã­â¨destiny	â¨	9	éèå­																
Endless, Sleepless Night	æ å°½ä¸ç å¤																		
POP STAR	å¹³äºå																		
Back 2 Back	b2b	åäºå	åä¸¤å																
ç¥ãã®ç¥ã	ç¥ç¥																		
ã¨ãã¯ã­ã¹ã®è¹ã¯ããè¦ããªã	å£æ¯	çº¢ç¾é	ç¾é	ç¾é															
ã·ã¢ã¯ã»ããã	å¹¸ç¦å																		
ã£ã¦ãï¼ ï½ããããã¦ãVerï½	å å¹¡å¸																		
å¾ãäººãæ¥ãºã	å¾äººæªè³	å¾äººæ¥																	
Cosmic Magic Shooter	å®å®é­æ¯å°æ	é­æ¯å°æ	æ©æè½¦	æ©å¤©è½®	æ³çä¹ç«	é­æ³å°æ													
æ·±æµ·å°å¥³	æ·±æµ·	é´é´å°å¥³																	
M.S.S.Planet	planet	MSS	ä¸­äºç																
æ±æ¹ã¹ã¤ã¼ãï¼ï½é¬¼çå§å¦¹ã¨åé£ã¡ã¤ãï½	é¬¼çå§å¦¹																		
å¹»æ³ã®ãµãã©ã¤ã																			
æéæé«ã·ã£ãã¿ã¼ã¬ã¼ã«	æéæé«	ææ																	
ãã©ã©ã¤ã«	äºæé£ä¸å¡	ç©ºæé	å·´æè±å¡ç´	å·´ææä¸å¡															
ææªè¯ææ­	ææª	å¤§å¦å±æ­	ææªåææ­	è¹æ	ææ	é»éå¤§ä¾¿	beatmarioçå¦å¦	ææï¼ææï¼	å¦å¦æ­										
YATTA!	å¥½è¶ï¼	äºè¾¾	å¥½è¶																
Jack-the-Ripperâ	å¼èææ°å	æ°å¥é·æ®	å¼èæ	jtr	å¼èææ°å¥														
Windy Hill -Zone 1	è¿½æä¸ä½	ç´¢4	å°è¿½æ																
ã³ããã»ã«ã©ãã«	Kotoba colorful	575	èç«æ¹	å¥³å															
ã¿ã«ããï¼åäººãã³	é«æ¡¥åäºº	åå¤´16è¿	é«æ¡¥	çºµè¿ç»ä¹ 	åäºº														
è¨ãèã«ã«ã	è¨å¶ä¸	è¨å¶ä¹ä¸																	
ãããï¼ã¸ã£ãªã³ã³ãã¼ã­ã¼	Jarinko Hero																		
ã­ãºãã®ç©èª	éé¾æè®°	ç¾ç»ç©è¯­	éé¾																
Heart Beats	å¿è·³	pulse																	
é¼å	é¼å¨	å¦é¾ç»´æ°	é¿ç¼	ç«ææ¿															
DRAGONLADY	é¾å¥³	é¾å¥³å£«	é¾çæ¶	ä½ èå¾æç ´è¿çå®éä¹															
ãã¡ã³ã¿ã¸ã¼ã¾ã¼ã³ OPA-OPA! -GMT remix-	Fantasy zone																		
é»è»ã§é»è»ã§GO!GO!GO!GC! -GMT remix-	çµè½¦	çµè½¦GO																	
RIDGE RACER STEPS -GMT remix-	rrs																		
ãªãã¸ã§ãªãã¸ã§GO!GO!GO! -GMT mashup-	çµè½¦gogogo	çµè½¦	çµè½¦go																
ãªã! ãªã! RACER -GMT mashup-	èµè½¦																		
é»è»ã§é»è»ã§OPA!OPA!OPA! -GMT mashup-	çµè½¦	ææçµè½¦	opaçµè½¦																
Axeria	ax	åæ­äºå	å¥½ç´¯å	è¯¶æ	é¿åå¡å©äº														
ãã¼ãã³ãã¹ãã	éæ¤	èé¼ 																	
MIRROR of MAGIC	MoM	éé­	é­é																
ç©¶æ¥µç¼èã¬ã¹ãã©ã³ï¼ãçã®å°çäº­ï¼	ç©¶æç§è	ç¤è																	
shake it!	æå®	èªè¡è½¦																	
æ¯å æ¬²																			
YU-MU	å¦æ¢¦																		
ç©åãå¢ãã§ãã¼ã­ãç©åããã	ç©å	æ§é³	åå¦åå¦	ä¸åice cream															
BETTER CHOICE	æ´å¥½çéæ©																		
Oshama Scramble!																			
DâªNâT  STâªP  RâªCKINâ	æºå¨äººè·³è																		
ã¬ã©ãã¢ã®èºæ	èºæ	å¤§å®å®	ååååååå																
oboro	å°ç«ç	å°ç«è	å°ç«è±	è§	higedriver														
Dragoon	é¾	é¾éªå£«	å¤æè´¡	é¾éªåµ															
ã¢ã³ãããã¼ãªãã¬ã¤ã³	unhappy refrain	ä¸é«å´çå¯æ­	æ£å¼¹æª	unhappy															
One Step Ahead	ååä¸æ­¥èµ°	ä¼ä¸æ­è¯å¤ªé																	
L9	ç»¿9	è½´äº¤äº	èä¹																
planet dancer	æçèè	ç¸ç¸æç²ç²	æ± é¢																
Caliburne ï½Story of the Legendary swordï½	çç	å£å	å£å1	ç¦ç1	åå±æ£	å°å£å	çç1												
ã©ããã¦ãããªã£ã	è¿æä¹åçç	ä¸ºä»ä¹ä¼åæè¿æ ·å¢	è·³èç	æä¼å¦æ­¤															
B.B.K.K.B.K.K.	bk	bbkkbkk	bbkk	Bass kick	æ±å ¡ç	âââââââ	3b4k												
ããã¡ãã¾æ¦äº	å­©å­æ°çæäº																		
Link(CoF)																			
VERTeX	æ°´ç¥	VOLTeX																	
Ignis Danse	ç«ç¥	ä¼æ ¼å°¼æ¯ä¸¹æ¯	è·³è																
Scars of FAUNA	åç¥																		
FUJIN Rumble	é£ç¥	ç¦æè½¯è´	ç¦å»ºå°å																
ãããããã¾2000	ä¸­å¹´ç¤¾ççæå¼	å¡ä»å¦	åå¼ç	åå¼ç2000	kita	å	å¨ç½æå¸äºåå¼	2000	ä¸åæ³½2000										
FLOWER	æ¶èäº	è±	å¤§åå­	å¬äº¤è½¦	éå¡														
Got more ravesï¼	é­æ²«è¥	gmr	é·ç¥	E.G.G.	egg	è´è¶													
ä¸æ¯ï¼	ä¸æ¯	çç½	ææ¯																
ãããã¬ããã¬ã¼ã«ãº	æ­»çº¢å¥³																		
èµ¤å¿æ§ï¼ã«ãããèçæ²»	èµ¤å¿æ§	èç¥æ¯	suzumu																
æªæ¯	æ¶æ	æ¶ä½å§																	
é¿ç¸	åç¼	åç»¿																	
åé³ãã¯ã®æ¶å¤±	æ¶å¤±	åé³æªæ¥çæ¶å¤±	Master33	è¿æ­å¥½å¿«å	èå©ä¸è§äº	åé³æªæ¥çç¸å¼ï¼ææ¶å¤±äº	æåºåæ¶å¤±äº												
ã¤ãã³ãªåç	åç	çå èå¸	ç·åèå¸	ç·å															
ã­ã£ããã³ã»ã ã©ãµã®ã±ãã¢ã³ã«ã¼	è¹é¿	æçº±																	
è¥ãå -SEGA HARD GIRLS MIX-	è¥å	ä¸åç¡¬ä»¶å¥³å­©	ç¤¾æ­																
ã¦ãã¦ãªæµ·åºè­	æµ·åºæ	æµ·åºè°­	æ£éªå¨åçå¯ä¸æ å	æµ·ç¾åæµ·åºè°­	èæ¢è°­	ç»è´¨å¥½	æµ·åºç«	ç¾åæ	æµ·åºåè½¦	æµ·åºæ³¥å¤´è½¦	å¥³äººå¿								
welcome to maimai!! with ãã¤ãã¤ãã¼	æ¬¢è¿æ¥å°maimai	welcome to maimai																	
ã¹ããªã¼ãã³ã°ãã¼ã	æµå¿																		
Change Our MIRAIï¼																			
Aiolos	è¾æ¬§æ´æ¯	è¾ä¿æ´æ¯	Aæå¤´çé£ç¥	å¥¥ç½															
LANCE	èæª	å°æ¯	æª	ç·å															
æ©ã®å¹»æ³é·é³é ­	æ©çå¹»æ³ä¹¡é³å¤´	æ©è	æ©é³å¤´																
æ±æ¹å¦ãå¤¢ ï½the maximum moving aboutï½	å¦å¦æ¢¦	ç³ç¢±å±																	
è¼ç©ºã«èããå¢¨æã®æ¡	å¢¨æ	å¢¨ææ¨±																	
å°å¥³å¹»è¬æ¦ææ² ï½ Necro Fantasia	æ­»çµå¹»æ³æ²	å°å¥³å¹»è¬	ææ æ²																
Contrapasso -paradiso-	é½¿è½®	å¤©å 	ctps	æ¶é	é¹é	â°	é½¿è½®å°ç±	åæ¶¦	å¤©å é½¿è½®										
å¹¸ãã«ãªããé ãã³ãã³ããããããã	ä¸ä¸å·¦å³	å¹¸é	éèæä»¤	æ§ç¾	äººçéæ¥æª														
ãã©ã°ã¡ã³ã -T.V. maimai edit-	fragments	åç­å·«å¥³	æ´»å¨åçé¦																
é¡ããå¼ã¶å­£ç¯	è´çµæ¿æçå­£è	æ¢¦æ³å¤ä¹¡																	
Yet Another âdrizzly rainâ	å¸ç§è																		
åæ¬¡åè·³èºæ©é¢	åæ¬¡å	æºå³	åæ¬¡åè·³è·æºå³	è·³æ¥¼æº	äºæ¬¡åè·³æ¥¼æºå³														
æçµé¬¼çå¦¹ã»ä¸é¨å£°	é¬¼çå¦¹	ä¸é¨å£°	èèè·¯	åµæ­»äº	äºå°å§														
GEMINI -M-	åå­æ	æç±³å°¼	åå­	é¸¡ç±³å°¼															
+â	å ç·																		
ãããµããããããããµã	å¸ç©ºè§æ¯çä¸çå¾æ	ä¸å¾																	
Garden Of The Dragon	é¾è±å­	ä¸è¾¾è																	
After Burner	å²ç ´ç«ç½	AB																	
Glorious Crown	çå 	çå 	FD2	GC															
è¨ãèéæ¯	è¨å¶æ¸¸æ																		
ãã°ã¼ã¶	reverb																		
å¹¾åé³-Ixion-	å åé³	ixion																	
ç¡æµWe are one!!	æ æwe are one	æä»¬æ¯1	æä»¬æ¯æ æ1	æ¯éé¸¡	æ ææä»¬æ¯1	æä»¬èå													
7thSense	ä¸æ	ä¸æå­	ç¬¬ä¸æ	7æ	å¿æèæ														
FEEL the BEATS	æåèæ	ftb																	
Revive The Rave	rtr	æ¶¦ä½ä¹³	èç«æ¹																
ã¹ãªããããªãã	slipflip	ç­åå¦¹	ç­åå¦¹å¦¹	å¤§å¤´å¦¹															
Jimang Shot	æ¥å¿å°																		
åããã®äººé	æ¢¦äººé´	å°å¥³ç¼ç±																	
ã©ããªã¼âããããã!!	å¯ç±å¤©ä½¿																		
ãªã¢ã¤ã¨ã·ã	æåæ¨±	Omoiyoshino																	
ã¢ã¼ã¸ã§ã³ãã·ã³ã¡ããªã¼	argent symmetry	sta	pink op	argent	é¶å¯¹ç§°														
HIMITSUã¹ãã¼ã¯	HIMITSU Spark	ç½ä¹é¸¦	ç§å¯																
Party 4U âholy nite mixâ	p4u	å¯æ¦éæ²																	
å²ãç¡ãä¸ã¯ä¸æã®æå½±	æå½±																		
Lividi	æä¼è¿ª	æç»´è¿ª	åå																
Infantoon Fantasy	if	æ±¤æµ·																	
Jumble Rumble	DJé¼ 	jbä¹±ç	DJç«	å æä¹±ç	æç¢ç«	æç¢èé¼ 													
Imitation:Loud Lounge	å¥é¢æ	ILL																	
CITRUS MONSTER	æ©å­æªå½	CM	ææ©æªå½																
Hyper Active	é»å¡è½¦	å°é»è½¦	å¡è½¦	é»å¡	è¿½å¡è½¦	æ³¥å¤´è½¦	å¡çæ¯	åååå«											
AMAZING MIGHTYYYY!!!!	AM	æå¦¹å¦¹ä¸å¯è½æ¯ç·ç	ç²¾å­	é¿å¦	å¤§æ£å­	ä¿ºå¦¹	96	ç½åï¼	YYYYY	é³æ¸¸çc									
fake!fake!	åç	fake newsï¼	ç½ä¹é¸¦																
ã»ãã¬ã¬ã¬ã³ããã¡ããï¼ï¼	æè¦å»å	ä¸åç¡¬ä»¶å¥³å­©	ä¹å«ååå	ä»å¤©ä½ å¨åªä¸å±ï¼															
ã­ããã¨ã¾ã©å¨æç­	ç§é¸¡ç­	å¨æç­	ææ¥å¤ç©ºçå¨æç­	æå¦ç­															
ææè£å¤	æç±è£å¤	æ¼æºç¥æ²	åºè½¨è£å¤	Love Trial															
ããã«ã»	è®©å¶åå½»	åååä¹	æ¯åä¹	æ¯æ¯åä¹	åååä¹	æ¯å©è¶ï¼	è¥¿æ¯å¡è´¼	æ¯åä¹	æ¯å¡è´¼	åååä¸									
ãã¼ãã§ã¯ãçå½	çå½	å®ç¾çå½																	
StargazeR	ææäºº																		
ã ãã ãæ©ããªã	æ¸æ¸å é	æ¸æ¸åå¿«	èèåå¿«	éæ¸å å¿«	èèæ­	éæ¸åå¿«	ä¸ç¬ç»ç¥æ²	èèå é	èèå å¿«	åå¿«	èè	éæ¸åå¿«	è¿½æå½å½						
ãã«ã·ã¼ã¨ã³ã	maimaiä½ æ¸	healthy end																	
æ±äº¬ãªã¢ã«ã¯ã¼ã«ã	ä¸äº¬çå®ä¸ç	ä¸äº¬	Tokyo Real World	Yeah!															
ãããï¼è´ããªï¼	å«å¬																		
æ¨å½«ãé¯°ã¨å³è©ã¾ã³ã	åµå°¸	æ¨éé²é±¼	520	å³è©åµå°¸	å³è©	æ¨é	è©å¨ç	æ¨éé²¶é±¼	é²é±¼	é²¶é±¼									
ECHO	åå£°	æ¶è­	æ¨å£	I don't know	idk:-(	çµè§å¤´	:-)												
Mr. Wonderland	çå¤§ç¼	æ¢¦å¹»å²	å¹»æ³ä¹¡åç																
brilliant better																			
ãã¼ãã»ãã¼ã	å«ä¸ååä¸å	å«ä¸å	å«ä¸åä¸ä¸å																
Invitation	éè¯·																		
connecting with you	ä¸æ³½ç§																		
é«æ°å§ã­ãã­ãã¯	é«æ°åç«ç«å¤´	é«æ°åç«	é«æ°å	é«è¡å	é«æ°åç«ç«ææ»														
Prophesy One	é¢è¨ä¸	p1																	
æ´è³	æ´è	Sennou																	
Barbed Eye	çè°·ç±	åç¼																	
Nitrous Fury	nf	è¥å»ç¦ç	æ°®æ°ç¦ç																
è²ã¯åã¸ã©æ£ãã¬ãã	è²æ£	ä¼æ´ç¦	éè½å																
æã«å¢é²è¯ã«é¢¨																			
No Routine	ç«¹åé£ç¿																		
ã²ãä¼ãææ°ã©ãã£ï¼	ææ°																		
ã¨ãã«ãã¿ã¹ã»ã«ãã­ã¸ã¼	ä¸æ¹é¼å¨	Eternitas Ludology																	
æ³¡æ²«ãåã®ã¾ã»ãã°	æ³¡æ²«	æ³¡æ²«å	æ³¡é¦																
è¯é³¥é¢¨æ	åé¸é£æ	ä¸çåæ²	é£æéæ²	åå­£å¤§äºº															
METATRON	æ­»é°2	æ¢å¡ç¹é	éæ¥¼	éº¦å¡å²															
çµãããªãç©èª	æ å°½ç©è¯­	ç©è¯­																	
ãã©ã«ãã·ã¢BELL	Fortissimo BELL	å¤©çæ´²																	
ç§ã®ä¸­ã®å¹»æ³çä¸çè¦³åã³ãã®é¡ç¾ãæ³èµ·ãããããç¾å®ã§ã®åºæ¥äºã«é¢ããä¸èå¯	åå­å¤ªé¿çæ­	èå¯	å¥½é¿	ä¸èå¯	ä¸çè§èå¯	èå¦å¦å¦	åå­å¥½é¿	åå­å¾é¿çæ­	åå­æé¿										
DETARAME ROCK&ROLL THEORY	detarame	æææ­	drrt																
ã´ã¼ã¹ãã«ã¼ã«	å¹½çµæ³å	Ghost rule	çæ¯ç¹é²é²																
ãã¥ã«ãªã©ã»ãã¥ã«ãªã©ã»ãããããï¼	å¾åå©å¦	ååå	è·³é³	è·³æ	ç§é²éæ	æï½æï½æçè	æçè												
GOODMEN	å¥½ç·äºº	å¥½äºº	è¯æ°	å¥½æ±æ­	è¯éºµ	ä½ 													
å¤æãã¾ã§ãã¨ï¼ç§	å¤æ	å¤æ3ç§	å¤æä¸ç§	å¤±æåä¸ç§	å¤æåä¸ç§														
Last Brave ï½ Go to zero	åæ0	èµ°å0																	
STAIRWAY TO GENERATION																			
ç©ºå¨å¼µãããã¤ãã¢	ç©ºå¨å¼ 																		
ãã£ãããé»âèèç¥æ³ï¼	èèç¥æ³	114514	å·è¢­	maimaiç¥æ³	æ¸¸åæ¸¸åæ¸¸														
ENJOY POLIS	JOYPOLIS	ä¸åé½å¸ä¹å­																	
çãã¦ããã°ãã¯çãã¦ãã	æ´»ççé¬¼è¿æ´»ç	æ´»ççæªç©ä¼ä¸ç´æ´»ç	obake																
å¤©ç«æå½	å¤©ç«	å¤©ç«æ²¡å½																	
HERA	èµ«æ	çå¨æ­	çºµè¿æ­	1å·é®	é»è¾£														
åãããªã	åå¡æå¥¶	æä¸ç¥é	å¾ä¼æå¾	wakaranai	æå¯æ	ååå¦ä¹	ä¿ºä¸é å	åå5	ä¸ä½hera	æ¯é¸¡	ä¸ç¥é								
Our Wrenally	OW	é­æ³é¿å¬·	é­æ³å¤ç¥­	å®æåé	å¤ç¥­2	å¿æ­	éå¤ç¥­	ç½å¤ç¥­	å¤ç¥­	åããªã	ããã	å¤å­£BYD	éé¼	ç«å¤ç¥­	çå­ç»æ´»				
Scream out! -maimai SONIC WASHER Edit-																			
åæã®é¨	åæçshi	åæé¨	åæçé¨	åæçç²ª	ä¼	ä¸ç¹é¥®è¶	åæçð©	é´é´æ­	é´é´çé¨	åæçæ´é£é¨	åæçð	ð©							
Selector	åçº¢è°±	ç»¿è²å¥³äºº	ç»¿å¥³äºº	ç»¿è²çé­æ³å°å¥³	ç»¿é­æ³å°å¥³	è¹­ææ¸¸æ													
ãã­ãã­DREAM!!!	Dokidoki DREAM	ddd																	
ããããã¥ã¼ã¸ãã¯ã¯åã®ãã®	éå­æ­	ç·å	æå¥³å£«è·³è																
ååã©ã¡ã³ã	åååæ­	åå	ååæé¢å¤´	æé¢å¤´	å¦é¢	ååæ¨å¦													
ã­ããå£ãã¿äººå½¢ãä½å¦ã¸æ£ããã¬ããï¼	åäººå¶	åäººå½¢	å	æååæ­	åäººå														
å¹½éã«ç®éããã¯	å¹½æ	å¹½ç®	å¹½æç®é																
Starlight Vision	æå																		
Club Ibuki in Break All	ç»èµä¿±ä¹é¨	è¥¿çè·³è	ç»èµ	è¥¿ç															
Phantasm Brigade	å­æé·é±	12ç´«å¦																	
æ°¸é ã®ã¡ã­ãã£	æ°¸è¿çmelody																		
ç½ãã	ç½éª																		
Panopticon	çç±	åæä¼	ç¯å½¢çç±	åå½¢çç±	å´äº¦å¡														
Sakura Fubuki	æ¨±å¹éª	æ¨±å¹å±	skrfbk																
conflict																			
ãã¼ã±ã¼ã¬ãã«ãªããã	åè¶ç«	nuko	mafu																
è¸ããªã¼ã±ã¹ãã©	èè¹ä¹å¢	åº·å®½	Dance Orchestra																
ããã£ãâã¦ããæãã¡ã¼ã 	å¦ç²¾æ	æ¨æ	ååº																
taboo tears you up	ä¸åicecream																		
ãã®ç¾¤éãæããã£ãããã ã£ã	ç¾¤é																		
The wheel to the right	å°åº¦äºº	çµé¯	çµé¯äºº	å³è½®	é¿ä¸	å³è½¬è½®													
ãªã³ã«ã¼ãã¤ã·ã§ã³	è½®åè½¬ç	Reincarnation																	
å®¿é¡ãçµãããªãã£ï¼	å®¿é¢	ä½ä¸																	
GO BACK 2 YOUR RAVE	gb2	åå»ä½ ç2rave	æ»åä½ çæ³¢	æ½®æ±éæ²	ðððð	é¸¡å·´å¸	é·ç¥	gb2yr	g2r										
å¤©å½ã¨å°ç -è¨ãèãªã³ã-	å¤©å½å°ç±																		
å¤¢è±ç«	æ¢¦è±ç«	ä¹å§¬è§è²æ­	ååå¡																
ãªããã¡ã¢ãªã¼âã¦ã¿ã²ã¼ã·ã§ã³	ä¹å§«	Otohimemory	Utagation																
ã©ããã¼ã	Labcino	ç«é	ç«ç«é	loveccino															
ARROW	ç®­	ç®­å¤´	èªå«å¤§																
ãããã»ãã³ã¹ã»ãã¼ã«	åèå	bdh	bad dance hall	ä¸è¦åä¸æ¥															
KISS CANDY FLAVOR	å°çº¢å¸½	äº²äº²ç å¼ä½æ																	
Maxi	é©¬åè¥¿	é©¬è¥¿	é©¬æ	éº¦åè¥¿	sabi														
ç¸æåµæ	ç¸æåç±																		
å¿è±¡èæ°æ¥¼	å¿è±¡æ¨æ°æ¥¼	å¿è±¡	å¿è·³æ°è±¡æ¥¼	å¿è±¡èæ°æ¥¼	å¨æç­ll														
åç·ãã¥ã¼ãã³ã°	åçº¿tuning	åçº¿	åçº¿æª	ä¸­äº	åçº¿ä¸­äº														
Limit Break	LB	éå¶ç»èµ																	
ææ§mind	ç±maimai	æ§æ§mind	å®å																
KING is BACK!!	çèå½æ¥	kib	å½çæ¯åé	éåæ®µ	éå¤	çæ¯è	æ æ°§è¿å¨	ææ°§è¿å¨	æ¥ä¸é¦king is back	king is back	kingåç¾								
Ultranova	A4çº¸	æ©æè½¦	è¶æ°æ																
GET!! å¤¢&DREAM	åå¾æ¢¦åæ¢¦	å­¦å­handsome	é¥å­è¸																
æ¥æ¬ã®ç±³ã¯ä¸çä¸	æ¥æ¬ç±³	é£ å¶ å®¶																	
ãªãããã®ãã																			
Starlight Dance Floor	æåèå	æåèæ± 																	
å¦ç²¾æã®æèªç¥­ ï½Lunate Elf	å¦ç²¾æ	æè¯																	
Calamity Fortune																			
Justified	æ­£ä¹																		
Excalibur ï½Revived resolutionï½	çç2	å£å2	exåå±æ£	ç¦ç2	å¤§å£å														
åæ¢åµé£ç¶æ®ºäººäºä»¶	åä¾¦æ¢	åä¾¦æ¢è¿ç»­æäººäºä»¶	æ¯å	æ¯åè¿ç»­æäººäºä»¶															
ã¨ã¤ãªã¢ã³ã¨ã¤ãªã¢ã³	å¤æäºº	alien	alien alien																
My Dearest Song	å¤§æç´	çæ¥æ­	æç±æ­	ææç±çæ­	mds														
çé²ã½ãªã¹ãã©ã¤ãï¼	çè¿																		
Let's Go Away	åºç¹å¾	daytona																	
çã»ãã³ãµã ä½æã§ãºã³ãã³ãã¤	å¸å¥ä½æ	çä½æ	ä½æ																
ãã©ã¸ã¼ã«	fragile	æç¢å	ä¸äºæ°µä¸å¿	æç¢	å¼æè®°å½														
ãªã¼ãã£ã¨ã³ã¹ãæ²¸ããç¨åº¦ã®è½å feat.ã¿ã¤ãã©ã³	æ²¸è¾ç¨åº¦	æ²¸è¾è½å	æ²¸ç¨åº¦	ä¸æ¹æç¯ç¬¼															
äººéã«ä¸ã£ãã¢ã¿ã¤ããã¤ã®éã«ãç¤¾çã«ãªã£ã¦ããä»¶	ç¤¾ç	NO NO working	äººéä¸																
Moon of Noon	å°åº¦é«å§	æå¿å­	è¶å																
ãã«ãã®ãã¼ãã§ã¯ãããããæå®¤ãâ¨å¨å¹´ãã¼ã¸ã§ã³																			
ãã¹ãã¬ã¤ã	desperate																		
ãã¼ãããã¼ã«	ççåæ´	ççå	ç»¿äºº																
MilK	çå¥¶	12+çå¥¶	æ¯åæ¯åçå¥¶																
å²ã­èªã¬å¸¸ä¸ãè¯	å¸¸ä¸å	å¸¸ä¸ä¹å																	
Magical Flavor	é­æ³å³é	MF	milk op	waifu	é­æ³é£å³														
Candy Tall Woman	ç³æé«å¥³å£«	é«è¡ç³å¥³äºº	ç³é«å¥³	ç å¼æå¥³äºº															
Signature	ç­¾åå¡	èå®å																	
äººçãªã»ãããã¿ã³	äººçéç½®	äººçreset button	remake	äººçéå¯é®	äººçéç½®æé®	äººçéå¯æé®													
ãã­ã°ããã®ã«	æ­»äºä¸äºç¾äº																		
ããã¿ããªãã­ã°ããã®ã«	å¤§å®¶æ­»äºå¥½	éªèè¯	å¸é²è¥¿	å¸é²å¸é²															
å±æè¦ãã°ã	å±æè§	å±ææªå½	éº»é¸¡å¡æ²¹																
éºéº	éºéº	éèå«																	
Credits	ä¿¡ç¨	å¶ä½äºº	11+	å­¦å	é´é´æ­														
ãã³ã¹ã­ããããã³ã¹	è·³èæºå¨äºº	drd	å¥¶æ²¹ç³éæ²																
ã¢ã«ã«ãªã¬ããã¦ã»ã¤	ç¢±æ§å£ç­ç	èèå¡	æå²	é¿æ¸¡															
ãã¯ãã¯	ç¬ç½	æ£ºæ	æªå																
ã­ã¬ã­ã£ãªãªã³	carry on	ä¹ä¿	å¥¶å	åä¸å§carry on															
ç«ç¥­ã	ç«ç¥­	nyannyannyannyan	ð±ð	åµåµåµ	ä¸å¼ä¸ä¸éåæä¸äº	hso													
TRUST	è¶³æ§	å°ä»åª																	
Still	ä»ç¶																		
å¤©çã®è½ã¨ãæ feat. ï½ï½ï½	å¤©ç	ç¹å¤ªäºº	ytr	å¤©çè½æ															
ç¾èµ°ããããã¶ã	ç¾èµ°	å¹½çµä¹å¢																	
Doll Judgment	äººå½¢è£å¤	DJ	å¨å¨å®¡å¤	äººå¶è£å¤	ç±ä¸½ä¸å¨éå¤©	å¤¹å»å¦¹æ													
WARNINGÃWARNINGÃWARNING																			
SPILL OVER COLORS	Tsukasaéä½																		
Mare Maris	è¹æ­	å¸è¹	å¼è¹	å°ç ´è¹	è¹	å¦å¦è¹	ç ´è¹	æµ·åºç«äºæ®µ	æµ·çè¹	å¥½è¹									
ã·ã£ã«ã«																			
ããªã£ãã  ã­ãªã£ã¿	èªç±æ´ä¸½å¡	lolita	èªç±å°èè	åè´¹å°èè															
ãã¬ãªã¼ã³	è­è¾èè	è­è¾																	
ã¢ã¦ã¿ã¼ãµã¤ã¨ã³ã¹	çå¤ç§å­¦																		
REVIVER ãªã«ã¿ã³ã·ã¢ã»ãµã¼ã¬ -è¼ã®é¨å£«å£- ãªãªã¸ãã«Ver.	èä¹éªå£«å¢	èéª																	
æåãããã«ã²ã³ã¬ã¼	æå¯	æ¬å¯æçåèº«	ç¸åæ																
ãã©ã¯ã«ã»ã·ã§ããã³ã°	è´­ç©	å¥è¿¹è´­ç©	ååè¯å¾·																
Kinda Way	KW																		
ã©ãã£ã¦â¡ã¸ã¥ã¨ãªã¼âªãããããâãã¬ã¤ã¯ï¼ï¼	Love is Jewelry Engel  Break	ç»èµå¤©ä½¿																	
ã¨ã³ããã¼ã¯ã«å¸æã¨æ¶ãæ·»ãã¦	å¸ææ³ª	å¨ç»å°¾å¤æ·»ä¸å¸æä¸æ³ªæ°´	ç­èå¥³ç¥	å¸æé±¼é·	å¸æä¸æ³ª														
ãã³ã»ã³ã¹æå­¦	æ æä¹æå­¦	æææå­¦	æå­¦																
Bang Babang Bang!!!	é¦é¦é¦	é¦é¦é¦é¦	é¦é¦																
Tic Tac DREAMINâ	tic tac																		
SPICY SWINGY STYLE	SSS																		
ç ã®ææ feat. HATSUNE MIKU	æ²æ	æ²ä¹è¡æ	ç ä¹ææ	ç æ	ç çº¸ç«æ														
ã¢ã³ãã¦ã³ã»ãã¶ã¼ã°ã¼ã¹	å¦å¦é¹	é¹å¦å¦	UMG																
å¦æ³æå·ä»£åé£ç	ftafn	èç	å¦æ³æä¼¤ä»£å¿èç	dscf	å¦æä»£è	mkdr	é¿å§¨åä¸å	ä»£å¿èç	å¦æ³										
LOVE EAST	ç±ä¸	ç±ä¸æ¹	è½¬è½¬																
Fist Bump	ç´¢å°¼ååé																		
ENERGY SYNERGY MATRIX																			
Session Highâ¤´	â¤´ï¸	â¬ï¸	âï¸	session high	highèµ·æ¥äºï¼														
World Vanquisher	WV	ä¸çå¾æè	ä¸å¾	å¨çåç	æçä¸è°è	ä¸å²å°å­©é½è½apç	FTR6	é¥®è¶åå¦	æ²¡æé£ç§ä¸å¾çæ¬²æ	ä¸ç¹é¥®è¶									
FestivaLight	èæ¥å	milked	my waifu																
Brain Power	èå	O-oooooooooo																	
é²ãï¼ã¤ãã¹ã³è»å£ -Rebellion of the Dwarfs-	åè¿åå¢	å°äººå½	å°å°åµå¢	ç®äººåå¢	ä¸å¯¸åå¢														
ULTRA B+K	bk2	b+k	è¶çº§æ±å ¡ç	ubk															
ã¤ã³ãã¸ãã«	Invisible	éæäºº	éå½¢äºº																
å½æããã ã¼ã³	å½æèæ	å½æ	å½æå«ç¤»ä¹ä¸å«																
keep hopping	è·³ä¸ªä¸å	kamome sano	æ²é																
larva	æç¦	å¹¼è«	åå±åå±																
åé³ãã¯ã®æ¿å±	æ¿å±	éº¦é¸	æºåº	åé³æªæ¥çæºåº															
true my heart -Lovable mix-	true my heart	é»æ²¹	ç«¥è¯																
Rodeo Machine	å¹¿æ­	ç»¿ç®æææ­	é©¬	ç»¿é©¬	ç»¿æ														
CYBER Sparks	cs	é­çæ²çç¸	é­åç®	åæç²¾è±	çµç«è±														
Xevel	é»ç½ågay	x	xlevel	tatsh	æ¸æ°´å¤§ç·														
INFINITE WORLD	ææ	å°å½ä¸¸æ																	
ãµãããããªãã¯	çµæ¢¦æå¸	æé±çµæ¢¦	å¤§ç¸å­																
Ragnarok	è¯¸ç¥çé»æ	è¯¸ç¥é»æ	å£æ	rag															
ãã®ãã¢ãã§ãåã8759632145åã¶ãæ®´ã	é¢ç´	8759632145	ç ¸é¢ç´	é¢ç´æ®´															
ã¯ããããã«ãªãããï¼	é³è¡	ç³æ²¹ç																	
ãã£ã¯ãµã¼	fixer	ä¿®äºº																	
ã¿ããªã®	å½é																		
ã¢ããã¸ã£ã¯ãªãã¼ã¹ feat. ï½ï½ï½	å¤©éªé¬¼åè½¬	å¤©éªé¬¼	è¿é©¬è·¯	ytr	çµæ¢¦è¿é©¬è·¯														
é²æã©ãã§ããï¼	è¿æ­¥	è¿åº¦	å¥èº«	è¿å±															
Help me, ãã¼ããï¼	ææï¼æ°¸ç³ï¼	erinï¼erinï¼																	
ãªãã¨ãªãã®ãã¼ãã§ã¯ãã­ãã¯ã³ã­ã¼ã«æå®¤	çªé²è¯ºçå®ç¾ç®æ°æå®¤	â¨	çªé²è¯º	å½©ç»¿9	å®ç¾ç®æ¯æå®¤														
ãã­ãºã£ãã	Anepettan	è´«ä¹³																	
We Gonna Journey	æä»¬è¦æè¡	wgj																	
FREEDOM DiVE (tpz Overcute Remix)	FD	èªç±è½ä½	FDFD	èªç±ä¸è½	æ¨æ¥ã«å¥ã§ãææ¥ã®æ­(overcute remixï¼	é·äºéæ²ï¼ï¼	èªç±å æ¯	èªç±ææ­»											
SILENT BLUE	éè	SB	æ°´æ¶å²å¤©é»	ç§é¥¼															
ã¸ã³ã®ã¹ã«ã³	æåææ±	ç¾è																	
ã«ãããã¡ããä½æç¬¬ä¸å	ä½æ	ä½æä¸äº¿	æ¼æºå¿ç¹	æ°ªéæ²	ä½æç¬¬ä¸äº¿														
è±ã¨ãéªã¨ããã©ã ã³ãã¼ã¹ã	è±ä¸è½®	è±éª	ç­ä¸ä¸ªå¥½å§å¦¹åºå¤	æ¥æ¬ktv	çµé³èé¿å¦	é¿æä¸èµ·ä½ 	FARä¸è½®	è±è±è±è±è±ä¸è½®	21.5Kcal	21.5å¤§å¡	è±ä¸è¼ª								
Conquista Ciela																			
ææ§	æé¤	ææ¶	ååçä¿®	æçè¾æ°	è¢«é¤	åæ«è¨	å¿èå®¢	ikazuchi											
Seyana. ï½ä½ã§ãè¨ããã¨ãèãã¦ãããã¢ã«ããã£ã³ï½	seyana	è¯´çäºå¢	å°è																
ãã­ãããã¼ãªã³	ææäºdarling	darling																	
My First Phone	å°çµé	çµè¯	ææº	æçµè¯	å°çµè¯	æ²¡åç¥¨													
ãï¼ã³ï¼	neko	éè¯ä¸çå¥³ä¸æµæµªç«ä¹å¿	ä½ 																
ã­ã¼ã«ãã¬ã¤ã³ã°ã²ã¼ã 	rpg	role playing game																	
ã­ã­	å£ä¸°	roki	å£â 	ruaki	å£å¹²	å£ä¸²	å£å												
Money Money	éªä½ éªä½ 	é±é±	ð¤ð¤ð¤ð¤	ç¥ä¹mea															
æ¥µå	æå	æåå¿	SDVX																
Scarlet Lance	çº¢æª	ç»¯çº¢ä¹æª	æ¯å¡é·ç¹ä¹æª	çå¼åå­	ç²ªå	ççå¬çº¢æª													
ã»ã¤ã¯ãªãããã«ã¤ã³	å¤ªé¼è¾¾äºº	å£å¢	å£ç­	è¾è	èæäº®														
QZKago Requiem	èå­å¡ç	èå­	qzk	qz	é»ç«æç½ç«	gdp2	æ¯çå¥¶	åæ­»é£ä¸ªç¾	å·§ååå¤§æé¦å­å°	çå¥¶ææ¶	å«è¸©æçjio	ã¯ã¸ã«ã´ï¼kujikago	ã¯ãºã«ã´	åå¥¶	ç«ææ¶	æä¸­è	åå¾ç®±	ç½èå­	æ¯å¥¶
EVERGREEN	å¸¸ç»¿	ä¸ç´ç»¿	éæ¥æ°¸é©»																
ä¸æè­°ã®å½ã®ã¯ãªã¹ãã¹	ä¸æè®®	ä¸å¯æè®®	åæµ·åºè°­	ä¸æè®®å½	ä¸æ¹å£è¯	å°æµ·åºè°­													
Schwarzschild	åå·ç«å¨	åå·ç½å¨	åå·ç«å¨å¼±æºé½¿è½®é	ç«å¨	ç½å¨	é»ç¾	å²ç¦è¥¿												
ãã¤ãã¡ã¢âãã¼ãã£ã¼ãã¤ã	Nightmare Party Night																		
çµã³ãéã¤ãç¾å¹ãéª¸	è¿èµ·æ¥ååå¼ï¼ç½å¹ä¸éª¨éª¸	ç½å¹	ç»éª¸	ç½å¹ä¸éª¸	ååååçç½å¹ä¸éª¸	ç½å¹éª¸	ç»ç½å¹	ç»å¼ç½å¹éª¸											
Alea jacta est!	é»äººææ¶	å»å	ç½äººææ¶	å­¤æ³¨ä¸æ·	ð¤º	ç½äººåè¹	é»äººå»å												
L4TS:2018 (feat. ãã²ã & KTA)	ç½æ¯																		
ã¯ã¬ã¤ã¸ã¼ã¯ã¬ã¤ã¸ã¼ãã³ãµã¼ãº	ccd	ç¯çç¯çè·³è	ç¯çèè																
ãæ±æ¹ãã³ã«ã©ãç§ç¥ãã¿ã¼ã© feat.é­é³æ³ãIOSYSã	å»ºå	ç§ç¥																	
é ç¶	éç¶																		
White Traveling Girl	ç½è²æè¡å°å¥³	ç½æå¥³	ç½è²æäºº	ä¼è¾å¨	ç½æ¸¸å¥³														
FFT	åç«å¶å¿«éåæ¢	è¥è¥å¤´	å¿«éåéå¶åæ¢	ççå¤´	ä»è´¹é	ååå¾	ç¯ç¯å	ç²ªç²ªæ	æ¶æ¶å¥¹	æ¶è³è¤	åå¤æ	æ³æ³è¸¢	åéå¶						
-OutsideR:RequieM-	æ³¡é¢	ç®±é¨åæ³¡é¢																	
ã¤ã­ããªããªã®ã¡ã­ãã£	å½©ç»¿ä¹æ­	Irotoridori no melody																	
å¥èã¯ãã èä¸­ã¨æç´ã§èªãã®ã¿	å¥è																		
é·å-RAIKIRI-	é·å																		
æåã®å°å¹´	è´¥åå°å¹´	è´¥åçå°å¹´																	
ç«ã¡å¥ãç¦æ­¢	ç«å¥ç¦æ­¢	ç¦æ­¢	åç¼	çã	å°é														
å½ã°ã£ãã	å¨æ¯å½	å½æ²¡	åªä¸ºçå½	å½															
the EmpErroR	çå¸	æ¨	å½ç	åçå¸															
PANDORA PARADOXXX	æ½å¤æ	æ½	å¿æ­	æ¨	ç½æ½	ä½ 	ãã³ãã©	éæ²	æ½ä½ é©¬	å¤§å®¶	ä½ æ¸¸æç®åçæ­								
Believe the Rainbow	ç¸ä¿¡å½©è¹	åå«æ²	å½©è¹	FULL COMBO 50%	ED	TRACK 5/4													
Good Bye, Mr. Jack	åè§æ°å¥	åè§æ°å	æ°å¥																
Altale	æºå¨äººéé±¼	é¿æ³°å°	æºå¨äºº	å°æºå¨äºº															
æçµé¬¼çå¦¹ãã©ã³ãã¼ã«ã»S	èèè·¯	é¬¼çå¦¹	æç»é¬¼çå¦¹																
ãã¯ã­ãã¡ã³ã¿ã¸ã¢ï½Arr.Demetori	å°å¥³å¹»è¬	å«äºè																	
Imperishable Night 2006 (2016 Refine)	2006	2016	2026	2036	2077	æ°¸å¤çæ¥åº													
çµç¹	ç»ç¹																		
WORLD'S END UMBRELLA	ä¸æ«ä¼	ä¸æ«																	
End Time	æ©å¾·å¤ª	å¯äºä¹	et	è´¤èæ¶é´															
é­æ³å°å¥³ã«ãªãããã­ã	é­æ³å°å¥³																		
Kattobi KEIKYU Rider	å¡éæ¹æ¥æ	ä¸ä¸çµè½¦	åè½¦	äº¬æ¥	äº¬æ¥çµè½¦	çµè½¦èè	å®å®çµè½¦	çµè½¦å¦¹	å¼ç«è½¦	å®å®è½¦									
B.M.S.	bms	åå	ååçä¿®ä¹ç¶	åæ«è¨	æ«è¨														
TiamaT:F minor	æäºé©¬ç¹	é³åé¾	åé¿å¦å¤´å	äºé¢å­è²	ç»èµäº¤äº														
åååä¸	ä½ çåå­	åå																	
ã³ãã¯ã	å°åop	èç³»	connect	èæ¸ç	å°åè¸														
39	ä¸ç	è¹­	åä¸	æ¾çè±															
åã®ç¥ããªãç©èª	ä½ ä¸ç¥éçæäº	åç¥	åç¥ç©è¯­	ç©è¯­	ç©è¯­														
è³æ¼¿ç¸è£ã¬ã¼ã«	èæµ	èæµç¸è£å¥³å­©	èæµç¸è£	èç¸	èæµå­														
ãã¼ãããµããããã¶	çåå®	12fan	æç±ä½ 	å¨å¨China	12ç²ä¸ä¿±ä¹é¨	å¨å¨æé£													
å­åå¹´ã¨ä¸å¤ç©èª	å­åå¹´	å¸èå¥¶	ð¬ð·ð¥	å®æå¸	å¸èå¥¶														
æ£é¨ã§æ­¢ã¾ã£ã¦ããæº¶ããï½çæ°ã®åªæè¯é¢	æ£é¨	ä¼äºåé¢	æå°¿æå°¿	ä¼æåé¢	é©¬åºé¾	æ£é¨æ­¢	è°è¦è°è¦												
å¹»æ³ã®ãµãã©ã¤ã	å¹»æ³å«æ	å«æ																	
Oshama Scramble!	çå¥¶	å¦æå¦	çå¥¶ç«	ç­è¾£å¤§é£æº	å¶æå¦ å®è¯äººé¿å¦çäº	åå¥¶å®³ç«	å¼ºèº«å¥ä½	å¥¶	çå¥¶æ­	æ¬§æå¦									
Change Our MIRAIï¼	æ¹åæªæ¥	com																	
æã«å¢é²è¯ã«é¢¨	æä¸äº	æé£	æä»äºåä»é£	å¹»æ³ä¸åéOP2	æä¸äºåé£														
Scream out! -maimai SONIC WASHER Edit-	èµä¸ç»å£	ç¾å½ç´«å¦	é£ç¥å½EX	é¿å§¨															
conflict	å¬äº¤è½¦	å²çª	bus	å¯¹ç«	åº·ç¦å©åç¹														
Calamity Fortune	cf	å¡æç±³æä½çº¯	ç©¿è¶ç«çº¿	å¸¸å	ä¸é£è°·æ©è														
ãã«ãã®ãã¼ãã§ã¯ãããããæå®¤ãâ¨å¨å¹´ãã¼ã¸ã§ã³	9å¨å¹´æå®¤	ç¬¨èæå®¤	ä¹å¨å¹´	baka	åå¿9	â¨	â¨è	9è											
ãã³ã¹ã­ããããã³ã¹																			
WARNINGÃWARNINGÃWARNING	æ³¨ææ³¨ææ³¨æ	æ¡çº¹è¿èè¢	ææ¡æ	ç¾å½å¦ç²¾	warning*3	åå³æ©ç®ä¸	å°ä¸	éå¸¸çéè®ï¼éå¸¸çè°è°	â â â 										
ã·ã£ã«ã«	å¤é²é²	ä¸åå¿å¿	æ°µèå¿å¿	ä¸èå¿å¿	æ¥å°æ¯	æ²é²é²													
ENERGY SYNERGY MATRIX	ESM	å»åç«	æ²éç«	è·	ç¥ç»ç«	ãããã	eâmâs	ð¨											
BLACK ROSE	é»ç«ç°																		
Secret Sleuth	ss	ç§å¯ä¾¦æ¢																	
ã§ãã£ãmaimaiâªã¦ãã¦ãã¾ã!	æ»´è¡ç	dxä¸»é¢æ²	è¿ªæç	çä»£ä¸»é¢æ²	æå¿èä¹±	æèèä¹±													
MAXRAGE	ç»èµäº¤äº	ææ	è¯æ2	æ»¡æ	ææ°å²å¤©	çæ	è´¼çæ°	æ°ç¸äº	æç ¸æ´è¡£æº										
ãã¼ãã£ã«ãã ããã¼ã·ã§ã³	èµè½¦	ç»æ±èµè½¦	VN																
P-qoq	ç¯å°æ¥çº¢	æé¢ç«ç®­	Qå®	ç«ç®­	çº¢æ¥å°ç¯	å­é													
è¶å¸¸ãã¤ãã¤ã³	è¶å¸¸maimai	è¶å¸¸	æ»´è¡çè½¬å	åååå															
Crazy Circle	ç¯å	é»åç																	
STEREOSCAPE	164	stereotype																	
STARTLINER	é³å»																		
â¡ãã¤ãã¤ãã¤ã©ãâ¡	my my my love	segaæ¸¸æå®å®ä¸	ãããã																
ä¸ãç½°	ä¸åç½	ä¸åç½	ä¸å ç½	ä¸ç½															
ã­ãªã­ãªèMine	girigiriè	girigirimaimai																	
ç¦å®¿é³å±é­é³æ³	é­é³æ³	ç·åæ¸©æ³	ç¦å·ç·åçè°·æ³	åºä½¬æ³	åå¨æ³														
Now or Never	ç°å¨æä»ä¸	non	æºä¸å¯å¤±																
Scarlet Wings	ç©çº¢ä¹ç¿¼	å°ææ2	REDALiCE	çº¢ç¿èå­	çº¢ç¿¼														
Technicians High	ç§æé«	é«ç§æ	é«çº§æå·¥																
é­ã¸ã§ç©ãª	é­å¥³ç©ç	é­ç©																	
TwisteD! XD	xd	dxd	ç¯å°ç¯																
Blows Up Everything	å¹ç	å¹	çå æå¹	å¹çä¸å	æç	ç¤¾ä¿	blows	blows up everything	USAO										
Agitationï¼	é¼å¨																		
ç®¡å¼¦æ¥½çµæ² ç¬¬3çª ãé·èª¿ãç¬¬2æ²ï¼Gç·ä¸ã®ã¢ãªã¢ï¼ãBWV.1068-2	ç®¡å¼¦ä¹	gå¼¦	ç®¡å¼¦ä¹ç»æ²	gå¼¦ä¸	åè¸©	Gå¼¦ä¸çåå¹è°													
TEmPTaTiON	å°èè	è¯±æ	å°èèçè¯±æ	å¼è¯±	temp	æç ´å¿ç¥	ææè¯	ç¼ç ´å¿è¾											
ã¢ãã«ãªãã¹ã«åéã®çãçã¹ã	åé	åéç°	åå¤©å¯æ¬ä¸ååçç«ç°	åéç°ç	å¤©å¯	åç°													
ç©å·çå¥æ² -çµç-	ç©å·	ç©å·çææ																	
Titania	æ³°å¦å°¼äº	è¸¢ä»å¨	ä½å	ç¼å¦å¦®å¨	æ³°å¦	ð»ð§â	èæ¯å°èè	èè²å°æµ£ç	å¤©å¤©å°¼äº	å¡æ³°å¦å°¼äº									
BOKUTO	æ³¢è£¤å¤´																		
ç«å·æµç©¢æç©å¸³	ç«å·	ç«å·åç§½æç©å¸	éå²ä¾¦æ¢äºå¡æ	åææ															
CHOCOLATE BOMB!!!!	å·§ååç¸å¼¹																		
METEOR	æµæ																		
LOSER	å«ç·	æ¨±å­	æ	æä¸	ä½ 	ç´å­	å¤§å®¶é½	ä»											
U.S.A.	usa	ç¾å½	é¿ç¾èå¡	é¿å¦¹ä½ ç	come on baby														
HOT LIMIT	ç­é	æå¯ä¹																	
æ°å®å³¶	æ°å®å²	æé¾å¦å¦	ä¸å®	ææªçµè	æç¬å¿å­	äºå¤§æµæ°	ä»äººæè·¯	æç¬å¿å­	åç¿¼å±å¼	ææ¯è¸è·	é¾å·é£å·è¢­åè½¦åº	ä¸ç¹è³å®¹	ç©ä¸æ²é¨						
ã¡ã«ã	melt	å¦å¦å¦å¦å¦å¦å¦	Xå¿å	æ¢é²ç¹	å©é²æ														
ã¡ã«ãã£ã©ã³ããã¤ãã¡ã¢	melty land nightmare	å°ç²	æ¥å·é¥­																
ã¢ã¦ããµã¤ãã¼	outsider	å±å¤äºº																	
ã¢ãã£ã·ã§ãã«ã¡ã¢ãªã¼	é¢å¤è®°å¿	dxé³ç																	
ã¸ã£ã¬ã¼ãã¼ã	juggernaut	ä¸å¯æå																	
ãã¤ãã»ãªãã»ãã¤ã (Cranky Remix)	åç¾ç¾	dxå¤éª	crankyå¤éª	å¤éªremix	å¤éª2														
Bad Apple!! feat.nomico (REDALiCE Remix)	åè¹æremix	çè¹æremix	bad appleäºæ®µæ²	åè¹æ															
Strobeâ¡Girl																			
Destr0yer	d0	åé¤åçº¿	æ¯ç­è	æ¹åå¤´	åé¤x2	åé¤å°çº¿	æ¹èå£³												
ã°ãªã¼ã³ã©ã¤ãã»ã»ã¬ãã¼ã	ç»¿åå°å¤æ²	å°å¤æ²	ç»¿å	ææº															
ãã³ãã©ãã¤ã 	çµæ³¢	å¸¦å¸¦å¸¦																	
éª¸éª¨æ¥½å£ã¨ãªãªã¢	èèäº	éª¸éª¨ä¹å¢	éª¸éª¨	éª¸éª¨ä¹å¢															
æå±ã¦ã¼ããã¢	æå±ä¹æé¦	æå±																	
ã¢ããã­ãã	å¤©ç	èµ·é£																	
Little "Sister" Bitch	å©å­	å°å©å­	ç¢§æ± 	å°å©å¦¹	å°å©ç ¸	å°å§å©													
Yakumo >>JOINT STRUGGLE (2019 Update)	å«äºç´«	å«äº	yakumo	å«äºä¸å®¶															
ãããªã³ã¹ãã£ãã¯ãã¡ã¤ããªã¢ãªãã£ã·ãã·ããã¹ã¿ã¼ã¹ãã¼ã¯	Geki Okostic Finality Plump Master Spark	çæ°äº																	
CocktaiL	é¸¡å°¾é																		
å¤ªé½ç³»ãã¹ã³	å¤ªé³ç³»disco	å¤ªé³ç³»	ææ	å±å§å±å§															
ã ãããã³ãç¼ãããã 	ç§é¢å	é¢å	ç¤é¢å																
ã¢ã«ãªããã£ã¦ãããã£	åå¨è¿é	gyari	akariæ¥äºå¦																
ããã¤ããã¤ãããã	åå¥¶åå¥¶	punai	åå¥¶	ç«ç§															
ããã«âã¢ã¤ãã«	æ¶é­å¶å																		
quiet room	éå±	qr	èªä¹ å®¤																
Jump!! Jump!! Jump!!	è·³è·³è·³																		
ãµã³ãã©ã³ã	æ¡å·´	ä½æ	ç§ç®ä¸	ä»°å§èµ·å	ä¿¯å§æ														
ãµã¨ãã©ãã§ã¼ã³ã½ã¼	åè§çµé¯	çµé¯																	
ã¤ã«ãµãã©ã¤ãã²ã¤ã 	ä½å¼çå­æ¸¸æ	èå																	
Halcyon	ç¿¡ç¿ é¸¡	ç¿¡ç¿ é¸	å¹³é	äºè·¯å¬äº¤è½¦															
ã ããã®å¿èã«ãªãããªã	å¿è	è¥æ¯è½æä¸ºè°çå¿è	å¿èp	å¦æè½æä¸ºè°çå¿èçè¯															
å¹¾æã®æ	å æä¹æ																		
39ã¿ãã¼ãã£ãï¼	39music	39é³ä¹																	
STEEL TRANSONIC	st																		
Flashkick	éªå»																		
Stardust Memories																			
My My My																			
UniTas	åä»åç¥	æ²¹è»ä»æ­»	åä»ç¥																
ããããã¯ãã¾ããã­ã­ã¼ã°ã	ä»è¿å¼å§	ååå	ç¦ç	å°å¿å®äººæ§	åºç« 	å½äººæ§éæ²													
çµ¡ãããªãã¯å©å·±ã©ã¤ã¶ã¼	å©å·±	çº ç»ææèªç§çé åè																	
ã¢Â°ã«ã¢Â°ã«	æ¯å¿æ¯å¿	æ¯å¿	æ¯äºæ¯äº	æ¸åæ¸å	morumoru														
ãã¬ã¤ã³ã¸ã£ãã¯ã·ã³ãã­ã¼ã 																			
å±é³´	å±é¸£																		
Ututu																			
ã·ã¨ã«ãã«ã¼ãã«ã·ã§																			
GRÃNDIR	grandir																		
å°çã®135ç§	135	å°å½å¥é³																	
æ¸¦ç¶éæ²³ã®ã·ã³ãã©ãã¨ãã¿	æ¶¡ç¶é¶æ²³	æ½æ°´é©¬æ¡¶	æ¶¡ç¶é©¬æ¡¶	é©¬æ¡¶															
ã¤ããã­	ç´è¿·																		
ã¯ã¼ãã¯ã¼ãã¯ã¼ã	touchæµ·åºè°­	touchæ½­																	
Valsqotch	éç	é»éæ»´è¡ç	æå·¨åé»éè¿ªæç	é»éå¤§é¼è¸															
æå¼· the ãµãã¼ã¿ã¤ã !!!!!	æå¼ºsummertime																		
UTAKATA	æ³¡æ²«																		
ã¿ããã¨ã¨æ¬å¿ã®å¤§ä¹±é	æ¬å¿å¤§ä¹±æ																		
ã¯ã¡ã¿ã¤ã¢ããã³ãã£ã¼																			
popcorn	çç±³è±																		
ãã å¤ªéã¨ã£ã¨ããã	åå§å¤ªé	æ²éå¤ªé																	
éç©ºã®ã©ãã½ãã£	éç©ºçæ³æ²	é¾å¥³ä»																	
ã ããåã¯é³æ¥½ãè¾ãã	æä»¥ææ¾å¼äºé³ä¹	æ¾å¼é³ä¹																	
ã©ãã»ãã©ããã£ãã¯ feat. ä¼åå­è±	è¾å¤	è¾å¤å¤§å°å§	è¾£å¦¹è¿·æ­»ä»																
ãã¿ã¼ãã§ã³ãã³ã¬ã¼ã·ã§ã³	è¦å·§ååè£é¥°	è¦å·§åå																	
ã¢ã³ãã­ã¤ãã¬ã¼ã«	Android girl	å®åå¥³å­©	ä»¿çå°å¥³	æºå¨äººå°å¥³	å®åå°å¥³														
ã¹ã¿ã¼ãªã¼ã¹ã«ã¤âãã¬ã¼ã	æç©ºæ¸¸è¡																		
ã¹ã­ã¦ãã¦ãã¼	æµ·åºæ½­éæ¥ç	æµ·åºæ½­lite																	
ã¯ã¬ã¤ã¸ã¼ã»ãã¼ã	ç¯çèæ	crazy beats	crazy beat	åéè´¥															
ãã¤ãªã¬ã³ã¹ããªã¬ã¼	æ´åæ³æº																		
ã°ã©ã¼ã´ã§	hello	grave																	
KILLER B	æb	ææb																	
ãã¼ã±ã¼ã¬ãã«ãªãããã£ã	åç«	åä¸äºç«																	
ã¢ã¹ããBRAVE																			
æ·±æµ·ã·ãã£ã¢ã³ãã¼ã°ã©ã¦ã³ã	æ·±æµ·cityunderground	æ·±æµ·å°ä¸å	æ·±æµ·																
è¡¨è£ä¸ä½	è¡¨éä¸ä½																		
Catch the Wave	ææ³¢æµª																		
ã½ãªãã	solid	å¤§è´«æ°	å¤§ç©·é¬¼	ç©·é¼															
å¨åãããã¼ã©ã¤ã	å¨åhappylife	æ£®ç½ä¸è±¡																	
Oath Act																			
Witches night																			
Drive Your Fire																			
wheel	ä¸ç¬ç»																		
Black Lair	é»å·¢																		
energy trixxx																			
NULCTRL	æ ¸æ§																		
ã¢ãã­ãã¹ã¨ææã®æ¢ç©¶è	æ¢ç©¶è	ç½æ¯																	
Lunar Mare	ææµ·																		
Saika	å½©å																		
CHAOS	è¶å¸	æä»¬ä¸è®¤è¯																	
Maboroshi	å¹»																		
ã¦ãã¤ãã¼ã ã¤ãºãã¾ã¿ã¡ãã	umy story	ç¾å³æ£																	
é¦¬ã¨é¹¿	é©¬åé¹¿	ç¬¨åè	é©¬é¹¿	å»ä¹é¼	å»ä¸é¼	å«ä¸å	å»åé¼	ç¾¤ä¸»	é©¬ä¸é¹¿	ä½ 									
ã¼ããã¡ãã¤ã§ãããããã£ãããï¼	ä¿®åä¿®å	æä»¬æ°¸è¿ä¿®åä¿®å	we always shuwa-shuwa																
Boys OâClock																			
å±ä¸¦ã¶ç©ç©ã¨æºæ¯ã¾ããã®ééå±	æ¨é2	èå¤´æè½¦																	
ARAIS																			
Aetheric Energy																			
Komplexe																			
Beautiful Future	ç¾ä¸½æªæ¥																		
Mutation																			
å®åãçä¸ï¼ï¼	çä¸	çä¸																	
ã¬ã¼ã¤ã¬ã¼ã¤																			
ãã¼ãã¤ã!	nopoi	ç¹å																	
çºãã©ã¿ã³ã¸ã§ã³ã	è¡è§åçº¿	è¡è§é­æ																	
ç´è®è¯	çº¢è²å	çªæ²¹éª¨																	
å½ã«å«ããã¦ãã	è¢«çå½æåæ¶	å½å«																	
ã¢ã³ã¯ã­ã¼ãºã»ãã¥ã¼ãã³	unclosed human																		
ä¹å¥³è§£å																			
çµ¶ãéãªãèè²	æ å°½çèè²	èè²																	
ã¬ã©ã³ã																			
ã¨ããããã¢ãã¿ãããªããªãã¾ãã«	æ»ä¹å¨ä½ æ¶éä¹å	mota																	
ææã®ã£ã©ã¯ãã£ã«	ææé¶æ²³å·	ææ																	
çµ¶å¯¾ã«ãã§ã³ãã³ããé£ã¹ãã¢ãªã¤ãã£ã³	å¿é¡»è¦åå·§ååèè·å³å°æ·æ·çç´å¶èµé±	ç´å¶èµ	GYARI	choc mint															
ããªãã«å¼ãã ãåãæ¥ã																			
ããã 																			
ãããããµã¤ã³ãã­ããã¯																			
æªæ¯ã»ã³ã»ã¼ã·ã§ã³	æ¶æ																		
Paranoia	åæ§ç																		
BATTLE NO.1	ææ¶ç¬¬ä¸å	æå°ä¸	ç¬¬ä¸æ	ç¼åæª	æ°å¤´åæ³¢ä¸	æ³ç	å° å¿ å å¤´	æ°å¤´åæ³¢ä¸	ç¼åæª	ä¸æ	ç½å¤´åæ³¢æ¹¾	æ°å¤´åæ³¢æ¹¾							
JÃ¶rqer	jorqer																		
Sqlupp (Camellia's "Sqleipd*Hiytex" Remix)																			
felys -final remix-																			
Pretender																			
â å½¡"/äºâ	ã­ããã¢ã¼	ä¹±ç ç	kop2020																